"card","pools","type","rarity","cost","target","keywords","coverage","confidence","needed_editor_effects","blockers_or_review_points","source_primitives","applied_powers","dynamic_vars","override_methods","note","source_file"
"Aggression","Ironclad","Power","Rare","1","Self","Innate","Exact","High","ApplyPower; ApplyPower:AggressionPower","supported primitives only","ApplyPower","AggressionPower","","OnPlay;OnUpgrade","Direct mapping to existing extra effects.","C:\Users\Bartek\OneDrive\Skrivebord\STS2 Modding MCP v3.8.0\sts2-modding-mcp\decompiled\MegaCrit.Sts2.Core.Models.Cards\Aggression.cs"
"Anger","Ironclad","Attack","Common","0","AnyEnemy","","Exact","High","DealDamage; AddSpecificCardToHand","supported primitives only","DealDamage;AddSpecificCardToHand","","DamageVar","OnPlay;OnUpgrade","Direct mapping to existing extra effects.","C:\Users\Bartek\OneDrive\Skrivebord\STS2 Modding MCP v3.8.0\sts2-modding-mcp\decompiled\MegaCrit.Sts2.Core.Models.Cards\Anger.cs"
"Armaments","Ironclad","Skill","Common","1","Self","","Exact","High","GainBlock; UpgradeCardsInPile","supported selector/pile operation","GainBlock;UpgradeCardsInPile","","BlockVar","OnPlay","Direct mapping to existing editor selector and pile operation effects.","C:\Users\Bartek\OneDrive\Skrivebord\STS2 Modding MCP v3.8.0\sts2-modding-mcp\decompiled\MegaCrit.Sts2.Core.Models.Cards\Armaments.cs"
"AshenStrike","Ironclad","Attack","Uncommon","1","AnyEnemy","Exhaust","Exact","High","DealDamage","supported primitives only","DealDamage","","CalculatedDamageVar;CalculationBaseVar;DynamicVar;ExtraDamageVar","OnPlay;OnUpgrade","Direct mapping to existing extra effects.","C:\Users\Bartek\OneDrive\Skrivebord\STS2 Modding MCP v3.8.0\sts2-modding-mcp\decompiled\MegaCrit.Sts2.Core.Models.Cards\AshenStrike.cs"
"Barricade","Ironclad","Power","Rare","3","Self","","Exact","High","ApplyPower; ApplyPower:BarricadePower","supported primitives only","ApplyPower","BarricadePower","","OnPlay;OnUpgrade","Direct mapping to existing extra effects.","C:\Users\Bartek\OneDrive\Skrivebord\STS2 Modding MCP v3.8.0\sts2-modding-mcp\decompiled\MegaCrit.Sts2.Core.Models.Cards\Barricade.cs"
"Bash","Ironclad","Attack","Basic","2","AnyEnemy","","Exact","High","DealDamage; ApplyVulnerable","supported primitives only","DealDamage;ApplyVulnerable","VulnerablePower","DamageVar;DynamicVar;PowerVar","OnPlay;OnUpgrade","Direct mapping to existing extra effects.","C:\Users\Bartek\OneDrive\Skrivebord\STS2 Modding MCP v3.8.0\sts2-modding-mcp\decompiled\MegaCrit.Sts2.Core.Models.Cards\Bash.cs"
"BattleTrance","Ironclad","Skill","Uncommon","0","Self","","Exact","High","DrawCards; ApplyPower; ApplyPower:NoDrawPower","supported primitives only","DrawCards;ApplyPower","NoDrawPower","CardsVar","OnPlay;OnUpgrade","Direct mapping to existing extra effects.","C:\Users\Bartek\OneDrive\Skrivebord\STS2 Modding MCP v3.8.0\sts2-modding-mcp\decompiled\MegaCrit.Sts2.Core.Models.Cards\BattleTrance.cs"
"BloodWall","Ironclad","Skill","Common","2","Self","","Exact","High","GainBlock; LoseHp","supported primitives only","GainBlock;LoseHp","","BlockVar;DynamicVar;HpLossVar","OnPlay;OnUpgrade","Direct mapping to existing extra effects.","C:\Users\Bartek\OneDrive\Skrivebord\STS2 Modding MCP v3.8.0\sts2-modding-mcp\decompiled\MegaCrit.Sts2.Core.Models.Cards\BloodWall.cs"
"Bloodletting","Ironclad","Skill","Common","0","Self","","Exact","High","GainEnergy; LoseHp","supported primitives only","GainEnergy;LoseHp","","DynamicVar;EnergyVar;HpLossVar","OnPlay;OnUpgrade","Direct mapping to existing extra effects.","C:\Users\Bartek\OneDrive\Skrivebord\STS2 Modding MCP v3.8.0\sts2-modding-mcp\decompiled\MegaCrit.Sts2.Core.Models.Cards\Bloodletting.cs"
"Bludgeon","Ironclad","Attack","Uncommon","3","AnyEnemy","","Exact","High","DealDamage","supported primitives only","DealDamage","","DamageVar","OnPlay;OnUpgrade","Direct mapping to existing extra effects.","C:\Users\Bartek\OneDrive\Skrivebord\STS2 Modding MCP v3.8.0\sts2-modding-mcp\decompiled\MegaCrit.Sts2.Core.Models.Cards\Bludgeon.cs"
"BodySlam","Ironclad","Attack","Common","1","AnyEnemy","","Exact","High","DealDamage","supported primitives only","DealDamage","","CalculatedDamageVar;CalculationBaseVar;DynamicVar;ExtraDamageVar","OnPlay;OnUpgrade","Direct mapping to existing extra effects.","C:\Users\Bartek\OneDrive\Skrivebord\STS2 Modding MCP v3.8.0\sts2-modding-mcp\decompiled\MegaCrit.Sts2.Core.Models.Cards\BodySlam.cs"
"Brand","Ironclad","Skill","Rare","0","Self","Exhaust","Exact","High","LoseHp; ExhaustCards; GainStrength","supported selector/pile operation","LoseHp;ExhaustCards;GainStrength","StrengthPower","DynamicVar;HpLossVar;PowerVar","OnPlay;OnUpgrade","Direct mapping to existing editor selector and pile operation effects.","C:\Users\Bartek\OneDrive\Skrivebord\STS2 Modding MCP v3.8.0\sts2-modding-mcp\decompiled\MegaCrit.Sts2.Core.Models.Cards\Brand.cs"
"Break","Ironclad","Attack","Ancient","1","AnyEnemy","","Exact","High","DealDamage; ApplyVulnerable","supported primitives only","DealDamage;ApplyVulnerable","VulnerablePower","DamageVar;DynamicVar;PowerVar","OnPlay;OnUpgrade","Direct mapping to existing extra effects.","C:\Users\Bartek\OneDrive\Skrivebord\STS2 Modding MCP v3.8.0\sts2-modding-mcp\decompiled\MegaCrit.Sts2.Core.Models.Cards\Break.cs"
"Breakthrough","Ironclad","Attack","Common","1","AllEnemies","","Exact","High","DealDamage; LoseHp","supported primitives only","DealDamage;LoseHp","","DamageVar;DynamicVar;HpLossVar","OnPlay;OnUpgrade","Direct mapping to existing extra effects.","C:\Users\Bartek\OneDrive\Skrivebord\STS2 Modding MCP v3.8.0\sts2-modding-mcp\decompiled\MegaCrit.Sts2.Core.Models.Cards\Breakthrough.cs"
"Bully","Ironclad","Attack","Uncommon","0","AnyEnemy","","Exact","High","DealDamage","supported primitives only","DealDamage","","CalculatedDamageVar;CalculationBaseVar;DynamicVar;ExtraDamageVar","OnPlay;OnUpgrade","Direct mapping to existing extra effects.","C:\Users\Bartek\OneDrive\Skrivebord\STS2 Modding MCP v3.8.0\sts2-modding-mcp\decompiled\MegaCrit.Sts2.Core.Models.Cards\Bully.cs"
"BurningPact","Ironclad","Skill","Uncommon","1","Self","Exhaust","Exact","High","DrawCards; ExhaustCards","supported selector/pile operation","DrawCards;ExhaustCards","","CardsVar","OnPlay;OnUpgrade","Direct mapping to existing editor selector and pile operation effects.","C:\Users\Bartek\OneDrive\Skrivebord\STS2 Modding MCP v3.8.0\sts2-modding-mcp\decompiled\MegaCrit.Sts2.Core.Models.Cards\BurningPact.cs"
"Cascade","Ironclad","Skill","Rare","-1","Self","","Almost","Medium","PlayCardFromPile","conditional branch","PlayCardFromPile","","","OnPlay","Editor has matching primitives; calculated counts/filters/conditions need careful setup.","C:\Users\Bartek\OneDrive\Skrivebord\STS2 Modding MCP v3.8.0\sts2-modding-mcp\decompiled\MegaCrit.Sts2.Core.Models.Cards\Cascade.cs"
"Cinder","Ironclad","Attack","Common","2","AnyEnemy","Exhaust","Almost","Medium","DealDamage; ExhaustCards","conditional branch; randomness; pile scan","DealDamage;ExhaustCards","","DamageVar","OnPlay;OnUpgrade","Editor has matching primitives; calculated counts/filters/conditions need careful setup.","C:\Users\Bartek\OneDrive\Skrivebord\STS2 Modding MCP v3.8.0\sts2-modding-mcp\decompiled\MegaCrit.Sts2.Core.Models.Cards\Cinder.cs"
"Colossus","Ironclad","Skill","Uncommon","1","Self","","Exact","High","GainBlock; ApplyPower; ApplyPower:ColossusPower","supported primitives only","GainBlock;ApplyPower","ColossusPower","BlockVar;DynamicVar","OnPlay;OnUpgrade","Direct mapping to existing extra effects.","C:\Users\Bartek\OneDrive\Skrivebord\STS2 Modding MCP v3.8.0\sts2-modding-mcp\decompiled\MegaCrit.Sts2.Core.Models.Cards\Colossus.cs"
"Conflagration","Ironclad","Attack","Rare","1","AllEnemies","","Almost","Medium","DealDamage","loop/repeat","DealDamage","","CalculatedDamageVar;CalculationBaseVar;DynamicVar;ExtraDamageVar","OnPlay;OnUpgrade","Editor has matching primitives; calculated counts/filters/conditions need careful setup.","C:\Users\Bartek\OneDrive\Skrivebord\STS2 Modding MCP v3.8.0\sts2-modding-mcp\decompiled\MegaCrit.Sts2.Core.Models.Cards\Conflagration.cs"
"Corruption","Ironclad","Power","Ancient","3","Self","Exhaust","Exact","High","ApplyPower; ApplyPower:CorruptionPower","supported primitives only","ApplyPower","CorruptionPower","DynamicVar","OnPlay;OnUpgrade","Direct mapping to existing extra effects.","C:\Users\Bartek\OneDrive\Skrivebord\STS2 Modding MCP v3.8.0\sts2-modding-mcp\decompiled\MegaCrit.Sts2.Core.Models.Cards\Corruption.cs"
"CrimsonMantle","Ironclad","Power","Rare","1","Self","","Exact","High","ApplyPower; ApplyPower:CrimsonMantlePower","supported primitives only","ApplyPower","CrimsonMantlePower","PowerVar","OnPlay;OnUpgrade","Direct mapping to existing extra effects.","C:\Users\Bartek\OneDrive\Skrivebord\STS2 Modding MCP v3.8.0\sts2-modding-mcp\decompiled\MegaCrit.Sts2.Core.Models.Cards\CrimsonMantle.cs"
"Cruelty","Ironclad","Power","Rare","1","Self","","Exact","High","ApplyPower; ApplyPower:CrueltyPower","supported primitives only","ApplyPower","CrueltyPower","PowerVar","OnPlay;OnUpgrade","Direct mapping to existing extra effects.","C:\Users\Bartek\OneDrive\Skrivebord\STS2 Modding MCP v3.8.0\sts2-modding-mcp\decompiled\MegaCrit.Sts2.Core.Models.Cards\Cruelty.cs"
"DarkEmbrace","Ironclad","Power","Rare","2","Self","Exhaust","Exact","High","ApplyPower; ApplyPower:DarkEmbracePower","supported primitives only","ApplyPower","DarkEmbracePower","","OnPlay;OnUpgrade","Direct mapping to existing extra effects.","C:\Users\Bartek\OneDrive\Skrivebord\STS2 Modding MCP v3.8.0\sts2-modding-mcp\decompiled\MegaCrit.Sts2.Core.Models.Cards\DarkEmbrace.cs"
"DefendIronclad","Ironclad","Skill","Basic","1","Self","","Exact","High","GainBlock","supported primitives only","GainBlock","","BlockVar","OnPlay;OnUpgrade","Direct mapping to existing extra effects.","C:\Users\Bartek\OneDrive\Skrivebord\STS2 Modding MCP v3.8.0\sts2-modding-mcp\decompiled\MegaCrit.Sts2.Core.Models.Cards\DefendIronclad.cs"
"DemonForm","Ironclad","Power","Rare","3","Self","","Exact","High","ApplyPower; ApplyPower:DemonFormPower","supported primitives only","ApplyPower","DemonFormPower","PowerVar","OnPlay;OnUpgrade","Direct mapping to existing extra effects.","C:\Users\Bartek\OneDrive\Skrivebord\STS2 Modding MCP v3.8.0\sts2-modding-mcp\decompiled\MegaCrit.Sts2.Core.Models.Cards\DemonForm.cs"
"DemonicShield","Ironclad","Skill","Uncommon","0","AnyAlly","Exhaust","Almost","Medium","GainBlock; LoseHp","calculated amount","GainBlock;LoseHp","","CalculatedBlockVar;CalculationBaseVar;CalculationExtraVar;DynamicVar;HpLossVar","OnPlay;OnUpgrade","Editor has matching primitives; calculated counts/filters/conditions need careful setup.","C:\Users\Bartek\OneDrive\Skrivebord\STS2 Modding MCP v3.8.0\sts2-modding-mcp\decompiled\MegaCrit.Sts2.Core.Models.Cards\DemonicShield.cs"
"Dismantle","Ironclad","Attack","Uncommon","1","AnyEnemy","","Exact","High","DealDamage","supported primitives only","DealDamage","","DamageVar","OnPlay;OnUpgrade","Direct mapping to existing extra effects.","C:\Users\Bartek\OneDrive\Skrivebord\STS2 Modding MCP v3.8.0\sts2-modding-mcp\decompiled\MegaCrit.Sts2.Core.Models.Cards\Dismantle.cs"
"Dominate","Ironclad","Skill","Uncommon","1","AnyEnemy","Exhaust","Exact","High","GainStrength; ApplyVulnerable","supported primitives only","GainStrength;ApplyVulnerable","StrengthPower;VulnerablePower","DynamicVar;PowerVar","OnPlay;OnUpgrade","Direct mapping to existing extra effects.","C:\Users\Bartek\OneDrive\Skrivebord\STS2 Modding MCP v3.8.0\sts2-modding-mcp\decompiled\MegaCrit.Sts2.Core.Models.Cards\Dominate.cs"
"DrumOfBattle","Ironclad","Power","Uncommon","0","Self","Exhaust","Exact","High","DrawCards; ApplyPower; ApplyPower:DrumOfBattlePower","supported primitives only","DrawCards;ApplyPower","DrumOfBattlePower","CardsVar;DynamicVar;PowerVar","OnPlay;OnUpgrade","Direct mapping to existing extra effects.","C:\Users\Bartek\OneDrive\Skrivebord\STS2 Modding MCP v3.8.0\sts2-modding-mcp\decompiled\MegaCrit.Sts2.Core.Models.Cards\DrumOfBattle.cs"
"EvilEye","Ironclad","Skill","Uncommon","1","Self","Exhaust","Almost","Medium","GainBlock","loop/repeat","GainBlock","","BlockVar","OnPlay;OnUpgrade","Editor has matching primitives; calculated counts/filters/conditions need careful setup.","C:\Users\Bartek\OneDrive\Skrivebord\STS2 Modding MCP v3.8.0\sts2-modding-mcp\decompiled\MegaCrit.Sts2.Core.Models.Cards\EvilEye.cs"
"ExpectAFight","Ironclad","Skill","Uncommon","2","Self","","Almost","Medium","GainEnergy; ApplyPower; ApplyPower:NoEnergyGainPower","calculated amount","GainEnergy;ApplyPower","NoEnergyGainPower","CalculatedVar;CalculationBaseVar;CalculationExtraVar;DynamicVar;EnergyVar","OnPlay;OnUpgrade","Editor has matching primitives; calculated counts/filters/conditions need careful setup.","C:\Users\Bartek\OneDrive\Skrivebord\STS2 Modding MCP v3.8.0\sts2-modding-mcp\decompiled\MegaCrit.Sts2.Core.Models.Cards\ExpectAFight.cs"
"Feed","Ironclad","Attack","Rare","1","AnyEnemy","Exhaust","Almost","Medium","DealDamage; GainMaxHp","conditional branch","DealDamage;GainMaxHp","","DamageVar;DynamicVar;MaxHpVar","OnPlay;OnUpgrade","Editor has matching primitives; calculated counts/filters/conditions need careful setup.","C:\Users\Bartek\OneDrive\Skrivebord\STS2 Modding MCP v3.8.0\sts2-modding-mcp\decompiled\MegaCrit.Sts2.Core.Models.Cards\Feed.cs"
"FeelNoPain","Ironclad","Power","Uncommon","1","Self","Exhaust","Exact","High","ApplyPower; ApplyPower:FeelNoPainPower","supported primitives only","ApplyPower","FeelNoPainPower","DynamicVar","OnPlay;OnUpgrade","Direct mapping to existing extra effects.","C:\Users\Bartek\OneDrive\Skrivebord\STS2 Modding MCP v3.8.0\sts2-modding-mcp\decompiled\MegaCrit.Sts2.Core.Models.Cards\FeelNoPain.cs"
"FiendFire","Ironclad","Attack","Rare","2","AnyEnemy","Exhaust","Almost","Medium","DealDamage; ExhaustCards","conditional branch; loop/repeat; pile scan","DealDamage;ExhaustCards","","DamageVar","OnPlay;OnUpgrade","Editor has matching primitives; calculated counts/filters/conditions need careful setup.","C:\Users\Bartek\OneDrive\Skrivebord\STS2 Modding MCP v3.8.0\sts2-modding-mcp\decompiled\MegaCrit.Sts2.Core.Models.Cards\FiendFire.cs"
"FightMe","Ironclad","Attack","Uncommon","2","AnyEnemy","","Exact","High","DealDamage; GainStrength","supported primitives only","DealDamage;GainStrength","StrengthPower","DamageVar;DynamicVar;PowerVar;RepeatVar","OnPlay;OnUpgrade","Direct mapping to existing extra effects.","C:\Users\Bartek\OneDrive\Skrivebord\STS2 Modding MCP v3.8.0\sts2-modding-mcp\decompiled\MegaCrit.Sts2.Core.Models.Cards\FightMe.cs"
"FlameBarrier","Ironclad","Skill","Uncommon","2","Self","","Exact","High","GainBlock; ApplyPower; ApplyPower:FlameBarrierPower","supported primitives only","GainBlock;ApplyPower","FlameBarrierPower","BlockVar;DynamicVar","OnPlay;OnUpgrade","Direct mapping to existing extra effects.","C:\Users\Bartek\OneDrive\Skrivebord\STS2 Modding MCP v3.8.0\sts2-modding-mcp\decompiled\MegaCrit.Sts2.Core.Models.Cards\FlameBarrier.cs"
"ForgottenRitual","Ironclad","Skill","Uncommon","1","Self","Exhaust","Almost","Medium","GainEnergy","conditional branch","GainEnergy","","EnergyVar","OnPlay;OnUpgrade","Editor has matching primitives; calculated counts/filters/conditions need careful setup.","C:\Users\Bartek\OneDrive\Skrivebord\STS2 Modding MCP v3.8.0\sts2-modding-mcp\decompiled\MegaCrit.Sts2.Core.Models.Cards\ForgottenRitual.cs"
"Havoc","Ironclad","Skill","Common","1","Self","Exhaust","Exact","High","PlayCardFromPile","supported primitives only","PlayCardFromPile","","","OnPlay;OnUpgrade","Direct mapping to existing extra effects.","C:\Users\Bartek\OneDrive\Skrivebord\STS2 Modding MCP v3.8.0\sts2-modding-mcp\decompiled\MegaCrit.Sts2.Core.Models.Cards\Havoc.cs"
"Headbutt","Ironclad","Attack","Common","1","AnyEnemy","","Exact","High","DealDamage; MoveCardsBetweenPiles","supported selector/pile operation","DealDamage;MoveCardsBetweenPiles","","DamageVar","OnPlay;OnUpgrade","Direct mapping to existing editor selector and pile operation effects.","C:\Users\Bartek\OneDrive\Skrivebord\STS2 Modding MCP v3.8.0\sts2-modding-mcp\decompiled\MegaCrit.Sts2.Core.Models.Cards\Headbutt.cs"
"Hellraiser","Ironclad","Power","Rare","2","Self","","Exact","High","ApplyPower; ApplyPower:HellraiserPower","supported primitives only","ApplyPower","HellraiserPower","","OnEnqueuePlayVfx;OnPlay;OnUpgrade","Direct mapping to existing extra effects.","C:\Users\Bartek\OneDrive\Skrivebord\STS2 Modding MCP v3.8.0\sts2-modding-mcp\decompiled\MegaCrit.Sts2.Core.Models.Cards\Hellraiser.cs"
"Hemokinesis","Ironclad","Attack","Uncommon","1","AnyEnemy","","Exact","High","DealDamage; LoseHp","supported primitives only","DealDamage;LoseHp","","DamageVar;DynamicVar;HpLossVar","OnPlay;OnUpgrade","Direct mapping to existing extra effects.","C:\Users\Bartek\OneDrive\Skrivebord\STS2 Modding MCP v3.8.0\sts2-modding-mcp\decompiled\MegaCrit.Sts2.Core.Models.Cards\Hemokinesis.cs"
"HowlFromBeyond","Ironclad","Attack","Uncommon","3","AllEnemies","Exhaust","Almost","Medium","DealDamage","conditional branch","DealDamage","","DamageVar","BeforeHandDraw;OnPlay;OnUpgrade","Editor has matching primitives; calculated counts/filters/conditions need careful setup.","C:\Users\Bartek\OneDrive\Skrivebord\STS2 Modding MCP v3.8.0\sts2-modding-mcp\decompiled\MegaCrit.Sts2.Core.Models.Cards\HowlFromBeyond.cs"
"Impervious","Ironclad","Skill","Rare","2","Self","Exhaust","Exact","High","GainBlock","supported primitives only","GainBlock","","BlockVar","OnPlay;OnUpgrade","Direct mapping to existing extra effects.","C:\Users\Bartek\OneDrive\Skrivebord\STS2 Modding MCP v3.8.0\sts2-modding-mcp\decompiled\MegaCrit.Sts2.Core.Models.Cards\Impervious.cs"
"InfernalBlade","Ironclad","Skill","Uncommon","1","Self","Exhaust","Exact","High","AddRandomCardToHand; CreatedCardsCostLess","","AddSpecificCardToHand","","","OnPlay;OnUpgrade","Random current-color Attack to hand and free this turn. Amount is 1, so distinct-vs-random does not change behavior.","C:\Users\Bartek\OneDrive\Skrivebord\STS2 Modding MCP v3.8.0\sts2-modding-mcp\decompiled\MegaCrit.Sts2.Core.Models.Cards\InfernalBlade.cs"
"Inferno","Ironclad","Power","Uncommon","1","Self","","Exact","High","ApplyPower; ApplyPower:InfernoPower","supported primitives only","ApplyPower","InfernoPower","PowerVar","OnPlay;OnUpgrade","Direct mapping to existing extra effects.","C:\Users\Bartek\OneDrive\Skrivebord\STS2 Modding MCP v3.8.0\sts2-modding-mcp\decompiled\MegaCrit.Sts2.Core.Models.Cards\Inferno.cs"
"Inflame","Ironclad","Power","Uncommon","1","Self","","Exact","High","GainStrength","supported primitives only","GainStrength","StrengthPower","PowerVar","OnEnqueuePlayVfx;OnPlay;OnUpgrade","Direct mapping to existing extra effects.","C:\Users\Bartek\OneDrive\Skrivebord\STS2 Modding MCP v3.8.0\sts2-modding-mcp\decompiled\MegaCrit.Sts2.Core.Models.Cards\Inflame.cs"
"IronWave","Ironclad","Attack","Common","1","AnyEnemy","","Exact","High","DealDamage; GainBlock","supported primitives only","DealDamage;GainBlock","","BlockVar;DamageVar;DynamicVar","OnPlay;OnUpgrade","Direct mapping to existing extra effects.","C:\Users\Bartek\OneDrive\Skrivebord\STS2 Modding MCP v3.8.0\sts2-modding-mcp\decompiled\MegaCrit.Sts2.Core.Models.Cards\IronWave.cs"
"Juggernaut","Ironclad","Power","Rare","2","Self","","Exact","High","ApplyPower; ApplyPower:JuggernautPower","supported primitives only","ApplyPower","JuggernautPower","PowerVar","OnPlay;OnUpgrade","Direct mapping to existing extra effects.","C:\Users\Bartek\OneDrive\Skrivebord\STS2 Modding MCP v3.8.0\sts2-modding-mcp\decompiled\MegaCrit.Sts2.Core.Models.Cards\Juggernaut.cs"
"Juggling","Ironclad","Power","Uncommon","1","Self","Innate","Exact","High","ApplyPower; ApplyPower:JugglingPower","supported primitives only","ApplyPower","JugglingPower","","OnPlay;OnUpgrade","Direct mapping to existing extra effects.","C:\Users\Bartek\OneDrive\Skrivebord\STS2 Modding MCP v3.8.0\sts2-modding-mcp\decompiled\MegaCrit.Sts2.Core.Models.Cards\Juggling.cs"
"Mangle","Ironclad","Attack","Rare","3","AnyEnemy","","Exact","High","DealDamage; ApplyPower; ApplyPower:ManglePower","supported primitives only","DealDamage;ApplyPower","ManglePower","DamageVar;DynamicVar","OnPlay;OnUpgrade","Direct mapping to existing extra effects.","C:\Users\Bartek\OneDrive\Skrivebord\STS2 Modding MCP v3.8.0\sts2-modding-mcp\decompiled\MegaCrit.Sts2.Core.Models.Cards\Mangle.cs"
"MoltenFist","Ironclad","Attack","Common","1","AnyEnemy","Exhaust","Almost","Medium","DealDamage; ApplyVulnerable","conditional branch","DealDamage;ApplyVulnerable","VulnerablePower","DamageVar","OnPlay;OnUpgrade","Editor has matching primitives; calculated counts/filters/conditions need careful setup.","C:\Users\Bartek\OneDrive\Skrivebord\STS2 Modding MCP v3.8.0\sts2-modding-mcp\decompiled\MegaCrit.Sts2.Core.Models.Cards\MoltenFist.cs"
"NotYet","Ironclad","Skill","Rare","2","Self","Exhaust","Exact","High","Heal","supported primitives only","Heal","","HealVar","OnPlay;OnUpgrade","Direct mapping to existing extra effects.","C:\Users\Bartek\OneDrive\Skrivebord\STS2 Modding MCP v3.8.0\sts2-modding-mcp\decompiled\MegaCrit.Sts2.Core.Models.Cards\NotYet.cs"
"Offering","Ironclad","Skill","Rare","0","Self","Exhaust","Exact","High","DrawCards; GainEnergy; LoseHp","supported primitives only","DrawCards;GainEnergy;LoseHp","","CardsVar;DynamicVar;EnergyVar;HpLossVar","OnPlay;OnUpgrade","Direct mapping to existing extra effects.","C:\Users\Bartek\OneDrive\Skrivebord\STS2 Modding MCP v3.8.0\sts2-modding-mcp\decompiled\MegaCrit.Sts2.Core.Models.Cards\Offering.cs"
"OneTwoPunch","Ironclad","Skill","Rare","1","Self","","Exact","High","ApplyPower; ApplyPower:OneTwoPunchPower","supported primitives only","ApplyPower","OneTwoPunchPower","DynamicVar","OnPlay;OnUpgrade","Direct mapping to existing extra effects.","C:\Users\Bartek\OneDrive\Skrivebord\STS2 Modding MCP v3.8.0\sts2-modding-mcp\decompiled\MegaCrit.Sts2.Core.Models.Cards\OneTwoPunch.cs"
"PactsEnd","Ironclad","Attack","Rare","0","AllEnemies","","Exact","High","DealDamage","supported primitives only","DealDamage","","CardsVar;DamageVar;DynamicVar","OnPlay;OnUpgrade","Direct mapping to existing extra effects.","C:\Users\Bartek\OneDrive\Skrivebord\STS2 Modding MCP v3.8.0\sts2-modding-mcp\decompiled\MegaCrit.Sts2.Core.Models.Cards\PactsEnd.cs"
"PerfectedStrike","Ironclad","Attack","Common","2","AnyEnemy","","Exact","High","DealDamage","supported primitives only","DealDamage","","CalculatedDamageVar;CalculationBaseVar;DynamicVar;ExtraDamageVar","OnPlay;OnUpgrade","Direct mapping to existing extra effects.","C:\Users\Bartek\OneDrive\Skrivebord\STS2 Modding MCP v3.8.0\sts2-modding-mcp\decompiled\MegaCrit.Sts2.Core.Models.Cards\PerfectedStrike.cs"
"Pillage","Ironclad","Attack","Uncommon","1","AnyEnemy","","Exact","High","DealDamage; DrawCards","supported primitives only","DealDamage;DrawCards","","DamageVar","OnPlay;OnUpgrade","Direct mapping to existing extra effects.","C:\Users\Bartek\OneDrive\Skrivebord\STS2 Modding MCP v3.8.0\sts2-modding-mcp\decompiled\MegaCrit.Sts2.Core.Models.Cards\Pillage.cs"
"PommelStrike","Ironclad","Attack","Common","1","AnyEnemy","","Exact","High","DealDamage; DrawCards","supported primitives only","DealDamage;DrawCards","","CardsVar;DamageVar;DynamicVar","OnPlay;OnUpgrade","Direct mapping to existing extra effects.","C:\Users\Bartek\OneDrive\Skrivebord\STS2 Modding MCP v3.8.0\sts2-modding-mcp\decompiled\MegaCrit.Sts2.Core.Models.Cards\PommelStrike.cs"
"PrimalForce","Ironclad","Skill","Rare","0","Self","","Almost","Medium","AddSpecificCardToHand; TransformCards; UpgradeCardsInPile","conditional branch; loop/repeat; custom card filter; pile scan; specific generated card","AddSpecificCardToHand;TransformCards;UpgradeCardsInPile","","","OnPlay","Editor has matching primitives; calculated counts/filters/conditions need careful setup.","C:\Users\Bartek\OneDrive\Skrivebord\STS2 Modding MCP v3.8.0\sts2-modding-mcp\decompiled\MegaCrit.Sts2.Core.Models.Cards\PrimalForce.cs"
"Pyre","Ironclad","Power","Rare","2","Self","","Exact","High","ApplyPower; ApplyPower:PyrePower","supported primitives only","ApplyPower","PyrePower","EnergyVar","OnEnqueuePlayVfx;OnPlay;OnUpgrade","Direct mapping to existing extra effects.","C:\Users\Bartek\OneDrive\Skrivebord\STS2 Modding MCP v3.8.0\sts2-modding-mcp\decompiled\MegaCrit.Sts2.Core.Models.Cards\Pyre.cs"
"Rage","Ironclad","Skill","Uncommon","0","Self","","Exact","High","ApplyPower; ApplyPower:RagePower","supported primitives only","ApplyPower","RagePower","DynamicVar","OnPlay;OnUpgrade","Direct mapping to existing extra effects.","C:\Users\Bartek\OneDrive\Skrivebord\STS2 Modding MCP v3.8.0\sts2-modding-mcp\decompiled\MegaCrit.Sts2.Core.Models.Cards\Rage.cs"
"Rampage","Ironclad","Attack","Uncommon","1","AnyEnemy","","Exact","High","DealDamage","supported primitives only","DealDamage","","DamageVar;DynamicVar","AfterDowngraded;OnPlay;OnUpgrade","Direct mapping to existing extra effects.","C:\Users\Bartek\OneDrive\Skrivebord\STS2 Modding MCP v3.8.0\sts2-modding-mcp\decompiled\MegaCrit.Sts2.Core.Models.Cards\Rampage.cs"
"Rupture","Ironclad","Power","Uncommon","1","Self","","Exact","High","ApplyPower; ApplyPower:RupturePower","supported primitives only","ApplyPower","RupturePower","PowerVar","OnPlay;OnUpgrade","Direct mapping to existing extra effects.","C:\Users\Bartek\OneDrive\Skrivebord\STS2 Modding MCP v3.8.0\sts2-modding-mcp\decompiled\MegaCrit.Sts2.Core.Models.Cards\Rupture.cs"
"SecondWind","Ironclad","Skill","Uncommon","1","Self","Exhaust","Almost","Medium","GainBlock; ExhaustCards","loop/repeat","GainBlock;ExhaustCards","","BlockVar","OnPlay;OnUpgrade","Editor has matching primitives; calculated counts/filters/conditions need careful setup.","C:\Users\Bartek\OneDrive\Skrivebord\STS2 Modding MCP v3.8.0\sts2-modding-mcp\decompiled\MegaCrit.Sts2.Core.Models.Cards\SecondWind.cs"
"SetupStrike","Ironclad","Attack","Common","1","AnyEnemy","","Exact","High","DealDamage; ApplyPower; ApplyPower:SetupStrikePower","supported primitives only","DealDamage;ApplyPower","SetupStrikePower","DamageVar;DynamicVar;PowerVar","OnPlay;OnUpgrade","Direct mapping to existing extra effects.","C:\Users\Bartek\OneDrive\Skrivebord\STS2 Modding MCP v3.8.0\sts2-modding-mcp\decompiled\MegaCrit.Sts2.Core.Models.Cards\SetupStrike.cs"
"ShrugItOff","Ironclad","Skill","Common","1","Self","","Exact","High","GainBlock; DrawCards","supported primitives only","GainBlock;DrawCards","","BlockVar;CardsVar;DynamicVar","OnPlay;OnUpgrade","Direct mapping to existing extra effects.","C:\Users\Bartek\OneDrive\Skrivebord\STS2 Modding MCP v3.8.0\sts2-modding-mcp\decompiled\MegaCrit.Sts2.Core.Models.Cards\ShrugItOff.cs"
"Spite","Ironclad","Attack","Uncommon","0","AnyEnemy","","Exact","High","DealDamage","supported primitives only","DealDamage","","DamageVar;DynamicVar;RepeatVar","OnPlay;OnUpgrade","Direct mapping to existing extra effects.","C:\Users\Bartek\OneDrive\Skrivebord\STS2 Modding MCP v3.8.0\sts2-modding-mcp\decompiled\MegaCrit.Sts2.Core.Models.Cards\Spite.cs"
"Stampede","Ironclad","Power","Uncommon","2","Self","","Exact","High","ApplyPower; ApplyPower:StampedePower","supported primitives only","ApplyPower","StampedePower","DynamicVar","OnPlay;OnUpgrade","Direct mapping to existing extra effects.","C:\Users\Bartek\OneDrive\Skrivebord\STS2 Modding MCP v3.8.0\sts2-modding-mcp\decompiled\MegaCrit.Sts2.Core.Models.Cards\Stampede.cs"
"Stoke","Ironclad","Skill","Rare","1","Self","","Exact","High","ExhaustCards; AddRandomCardToHand; CreatedCardsUpgraded","row-result amount source","ExhaustCards;AddRandomCardToHand;CreatedCardsUpgraded","","","OnPlay","Exhaust hand row can publish its actual applied count by EffectId; generated-card row can use that Applied Effect / Instances value as its amount source, then upgrade generated cards when upgraded.","C:\Users\Bartek\OneDrive\Skrivebord\STS2 Modding MCP v3.8.0\sts2-modding-mcp\decompiled\MegaCrit.Sts2.Core.Models.Cards\Stoke.cs"
"Stomp","Ironclad","Attack","Uncommon","3","AllEnemies","","Almost","Medium","DealDamage","combat history count; conditional branch; loop/repeat","DealDamage","","DamageVar","AfterCardEnteredCombat;BeforeCardPlayed;OnPlay;OnUpgrade","Editor has matching primitives; calculated counts/filters/conditions need careful setup.","C:\Users\Bartek\OneDrive\Skrivebord\STS2 Modding MCP v3.8.0\sts2-modding-mcp\decompiled\MegaCrit.Sts2.Core.Models.Cards\Stomp.cs"
"StoneArmor","Ironclad","Power","Uncommon","1","Self","","Exact","High","GainPlating","supported primitives only","GainPlating","PlatingPower","PowerVar","OnPlay;OnUpgrade","Direct mapping to existing extra effects.","C:\Users\Bartek\OneDrive\Skrivebord\STS2 Modding MCP v3.8.0\sts2-modding-mcp\decompiled\MegaCrit.Sts2.Core.Models.Cards\StoneArmor.cs"
"StrikeIronclad","Ironclad","Attack","Basic","1","AnyEnemy","","Exact","High","DealDamage","supported primitives only","DealDamage","","DamageVar","OnPlay;OnUpgrade","Direct mapping to existing extra effects.","C:\Users\Bartek\OneDrive\Skrivebord\STS2 Modding MCP v3.8.0\sts2-modding-mcp\decompiled\MegaCrit.Sts2.Core.Models.Cards\StrikeIronclad.cs"
"SwordBoomerang","Ironclad","Attack","Common","1","RandomEnemy","","Almost","Medium","DealDamage","randomness","DealDamage","","DamageVar;DynamicVar;RepeatVar","OnPlay;OnUpgrade","Editor has matching primitives; calculated counts/filters/conditions need careful setup.","C:\Users\Bartek\OneDrive\Skrivebord\STS2 Modding MCP v3.8.0\sts2-modding-mcp\decompiled\MegaCrit.Sts2.Core.Models.Cards\SwordBoomerang.cs"
"Tank","Ironclad","Power","Rare","1","Self","","Exact","High","ApplyPower; ApplyPower:TankPower","supported primitives only","ApplyPower","TankPower","","OnPlay;OnUpgrade","Direct mapping to existing extra effects.","C:\Users\Bartek\OneDrive\Skrivebord\STS2 Modding MCP v3.8.0\sts2-modding-mcp\decompiled\MegaCrit.Sts2.Core.Models.Cards\Tank.cs"
"Taunt","Ironclad","Skill","Uncommon","1","AnyEnemy","","Exact","High","GainBlock; ApplyVulnerable","supported primitives only","GainBlock;ApplyVulnerable","VulnerablePower","BlockVar;DynamicVar;PowerVar","OnPlay;OnUpgrade","Direct mapping to existing extra effects.","C:\Users\Bartek\OneDrive\Skrivebord\STS2 Modding MCP v3.8.0\sts2-modding-mcp\decompiled\MegaCrit.Sts2.Core.Models.Cards\Taunt.cs"
"TearAsunder","Ironclad","Attack","Rare","2","AnyEnemy","","Almost","Medium","DealDamage","calculated amount","DealDamage","","CalculatedVar;CalculationBaseVar;CalculationExtraVar;DamageVar;DynamicVar;RepeatVar","OnPlay;OnUpgrade","Editor has matching primitives; calculated counts/filters/conditions need careful setup.","C:\Users\Bartek\OneDrive\Skrivebord\STS2 Modding MCP v3.8.0\sts2-modding-mcp\decompiled\MegaCrit.Sts2.Core.Models.Cards\TearAsunder.cs"
"Thrash","Ironclad","Attack","Rare","1","AnyEnemy","Exhaust","Almost","Medium","DealDamage; ExhaustCards","calculated amount; conditional branch; randomness; custom card filter; pile scan","DealDamage;ExhaustCards","","DamageVar","AfterDowngraded;OnPlay;OnUpgrade","Editor has matching primitives; calculated counts/filters/conditions need careful setup.","C:\Users\Bartek\OneDrive\Skrivebord\STS2 Modding MCP v3.8.0\sts2-modding-mcp\decompiled\MegaCrit.Sts2.Core.Models.Cards\Thrash.cs"
"Thunderclap","Ironclad","Attack","Common","1","AllEnemies","","Exact","High","DealDamage; ApplyVulnerable","supported primitives only","DealDamage;ApplyVulnerable","VulnerablePower","DamageVar;DynamicVar;PowerVar","OnPlay;OnUpgrade","Direct mapping to existing extra effects.","C:\Users\Bartek\OneDrive\Skrivebord\STS2 Modding MCP v3.8.0\sts2-modding-mcp\decompiled\MegaCrit.Sts2.Core.Models.Cards\Thunderclap.cs"
"Tremble","Ironclad","Skill","Common","1","AnyEnemy","Exhaust","Exact","High","ApplyVulnerable","supported primitives only","ApplyVulnerable","VulnerablePower","PowerVar","OnPlay;OnUpgrade","Direct mapping to existing extra effects.","C:\Users\Bartek\OneDrive\Skrivebord\STS2 Modding MCP v3.8.0\sts2-modding-mcp\decompiled\MegaCrit.Sts2.Core.Models.Cards\Tremble.cs"
"TrueGrit","Ironclad","Skill","Common","1","Self","Exhaust","Exact","High","GainBlock; ExhaustCards","supported selector/pile operation","GainBlock;ExhaustCards","","BlockVar","OnPlay;OnUpgrade","Direct mapping to existing editor selector and pile operation effects.","C:\Users\Bartek\OneDrive\Skrivebord\STS2 Modding MCP v3.8.0\sts2-modding-mcp\decompiled\MegaCrit.Sts2.Core.Models.Cards\TrueGrit.cs"
"TwinStrike","Ironclad","Attack","Common","1","AnyEnemy","","Exact","High","DealDamage","supported primitives only","DealDamage","","DamageVar","OnPlay;OnUpgrade","Direct mapping to existing extra effects.","C:\Users\Bartek\OneDrive\Skrivebord\STS2 Modding MCP v3.8.0\sts2-modding-mcp\decompiled\MegaCrit.Sts2.Core.Models.Cards\TwinStrike.cs"
"Unmovable","Ironclad","Power","Rare","2","Self","","Exact","High","ApplyPower; ApplyPower:UnmovablePower","supported primitives only","ApplyPower","UnmovablePower","","OnPlay;OnUpgrade","Direct mapping to existing extra effects.","C:\Users\Bartek\OneDrive\Skrivebord\STS2 Modding MCP v3.8.0\sts2-modding-mcp\decompiled\MegaCrit.Sts2.Core.Models.Cards\Unmovable.cs"
"Unrelenting","Ironclad","Attack","Uncommon","2","AnyEnemy","","Exact","High","DealDamage; ApplyPower; ApplyPower:FreeAttackPower","supported primitives only","DealDamage;ApplyPower","FreeAttackPower","DamageVar","OnPlay;OnUpgrade","Direct mapping to existing extra effects.","C:\Users\Bartek\OneDrive\Skrivebord\STS2 Modding MCP v3.8.0\sts2-modding-mcp\decompiled\MegaCrit.Sts2.Core.Models.Cards\Unrelenting.cs"
"Uppercut","Ironclad","Attack","Uncommon","2","AnyEnemy","","Exact","High","DealDamage; ApplyVulnerable; ApplyWeak","supported primitives only","DealDamage;ApplyVulnerable;ApplyWeak","VulnerablePower;WeakPower","DamageVar;DynamicVar","OnPlay;OnUpgrade","Direct mapping to existing extra effects.","C:\Users\Bartek\OneDrive\Skrivebord\STS2 Modding MCP v3.8.0\sts2-modding-mcp\decompiled\MegaCrit.Sts2.Core.Models.Cards\Uppercut.cs"
"Vicious","Ironclad","Power","Uncommon","1","Self","","Exact","High","ApplyPower; ApplyPower:ViciousPower","supported primitives only","ApplyPower","ViciousPower","CardsVar","OnPlay;OnUpgrade","Direct mapping to existing extra effects.","C:\Users\Bartek\OneDrive\Skrivebord\STS2 Modding MCP v3.8.0\sts2-modding-mcp\decompiled\MegaCrit.Sts2.Core.Models.Cards\Vicious.cs"
"Whirlwind","Ironclad","Attack","Uncommon","0","AllEnemies","","Almost","Medium","DealDamage","conditional branch","DealDamage","","DamageVar","OnPlay;OnUpgrade","Editor has matching primitives; calculated counts/filters/conditions need careful setup.","C:\Users\Bartek\OneDrive\Skrivebord\STS2 Modding MCP v3.8.0\sts2-modding-mcp\decompiled\MegaCrit.Sts2.Core.Models.Cards\Whirlwind.cs"
"Abrasive","Silent","Power","Rare","3","Self","Sly","Exact","High","GainDexterity; GainThorns","supported primitives only","GainDexterity;GainThorns","DexterityPower;ThornsPower","DynamicVar;PowerVar","OnPlay;OnUpgrade","Direct mapping to existing extra effects.","C:\Users\Bartek\OneDrive\Skrivebord\STS2 Modding MCP v3.8.0\sts2-modding-mcp\decompiled\MegaCrit.Sts2.Core.Models.Cards\Abrasive.cs"
"Accelerant","Silent","Power","Rare","1","Self","","Exact","High","ApplyPower; ApplyPower:AccelerantPower","supported primitives only","ApplyPower","AccelerantPower","DynamicVar","OnPlay;OnUpgrade","Direct mapping to existing extra effects.","C:\Users\Bartek\OneDrive\Skrivebord\STS2 Modding MCP v3.8.0\sts2-modding-mcp\decompiled\MegaCrit.Sts2.Core.Models.Cards\Accelerant.cs"
"Accuracy","Silent","Power","Uncommon","1","Self","","Exact","High","ApplyPower; ApplyPower:AccuracyPower","supported primitives only","ApplyPower","AccuracyPower","PowerVar","OnPlay;OnUpgrade","Direct mapping to existing extra effects.","C:\Users\Bartek\OneDrive\Skrivebord\STS2 Modding MCP v3.8.0\sts2-modding-mcp\decompiled\MegaCrit.Sts2.Core.Models.Cards\Accuracy.cs"
"Acrobatics","Silent","Skill","Uncommon","1","Self","","Exact","High","DrawCards; DiscardCards","supported selector/pile operation","DrawCards;DiscardCards","","CardsVar","OnPlay;OnUpgrade","Direct mapping to existing editor selector and pile operation effects.","C:\Users\Bartek\OneDrive\Skrivebord\STS2 Modding MCP v3.8.0\sts2-modding-mcp\decompiled\MegaCrit.Sts2.Core.Models.Cards\Acrobatics.cs"
"Adrenaline","Silent","Skill","Rare","0","Self","Exhaust","Almost","Medium","DrawCards; GainEnergy","conditional branch","DrawCards;GainEnergy","","CardsVar;DynamicVar;EnergyVar","OnPlay;OnUpgrade","Editor has matching primitives; calculated counts/filters/conditions need careful setup.","C:\Users\Bartek\OneDrive\Skrivebord\STS2 Modding MCP v3.8.0\sts2-modding-mcp\decompiled\MegaCrit.Sts2.Core.Models.Cards\Adrenaline.cs"
"Afterimage","Silent","Power","Rare","1","Self","Innate","Exact","High","ApplyPower; ApplyPower:AfterimagePower","supported primitives only","ApplyPower","AfterimagePower","PowerVar","OnPlay;OnUpgrade","Direct mapping to existing extra effects.","C:\Users\Bartek\OneDrive\Skrivebord\STS2 Modding MCP v3.8.0\sts2-modding-mcp\decompiled\MegaCrit.Sts2.Core.Models.Cards\Afterimage.cs"
"Anticipate","Silent","Skill","Common","0","Self","","Exact","High","ApplyPower; ApplyPower:AnticipatePower","supported primitives only","ApplyPower","AnticipatePower","PowerVar","OnPlay;OnUpgrade","Direct mapping to existing extra effects.","C:\Users\Bartek\OneDrive\Skrivebord\STS2 Modding MCP v3.8.0\sts2-modding-mcp\decompiled\MegaCrit.Sts2.Core.Models.Cards\Anticipate.cs"
"Assassinate","Silent","Attack","Rare","0","AnyEnemy","Exhaust;Innate","Exact","High","DealDamage; ApplyVulnerable","supported primitives only","DealDamage;ApplyVulnerable","VulnerablePower","DamageVar;DynamicVar;PowerVar","OnPlay;OnUpgrade","Direct mapping to existing extra effects.","C:\Users\Bartek\OneDrive\Skrivebord\STS2 Modding MCP v3.8.0\sts2-modding-mcp\decompiled\MegaCrit.Sts2.Core.Models.Cards\Assassinate.cs"
"Backflip","Silent","Skill","Common","1","Self","","Exact","High","GainBlock; DrawCards","supported primitives only","GainBlock;DrawCards","","BlockVar;CardsVar;DynamicVar","OnPlay;OnUpgrade","Direct mapping to existing extra effects.","C:\Users\Bartek\OneDrive\Skrivebord\STS2 Modding MCP v3.8.0\sts2-modding-mcp\decompiled\MegaCrit.Sts2.Core.Models.Cards\Backflip.cs"
"Backstab","Silent","Attack","Uncommon","0","AnyEnemy","Exhaust;Innate","Exact","High","DealDamage","supported primitives only","DealDamage","","DamageVar","OnPlay;OnUpgrade","Direct mapping to existing extra effects.","C:\Users\Bartek\OneDrive\Skrivebord\STS2 Modding MCP v3.8.0\sts2-modding-mcp\decompiled\MegaCrit.Sts2.Core.Models.Cards\Backstab.cs"
"BladeDance","Silent","Skill","Common","1","Self","Exhaust","Almost","Medium","AddSpecificCardToHand:Shiv","loop/repeat","AddSpecificCardToHand","","CardsVar","OnPlay;OnUpgrade","Editor has matching primitives; calculated counts/filters/conditions need careful setup.","C:\Users\Bartek\OneDrive\Skrivebord\STS2 Modding MCP v3.8.0\sts2-modding-mcp\decompiled\MegaCrit.Sts2.Core.Models.Cards\BladeDance.cs"
"BladeOfInk","Silent","Skill","Rare","1","Self","","Almost","Medium","AddSpecificCardToHand:Shiv; EnchantCard","loop/repeat","AddSpecificCardToHand;EnchantCard","","CardsVar","OnPlay;OnUpgrade","Editor has matching primitives; calculated counts/filters/conditions need careful setup.","C:\Users\Bartek\OneDrive\Skrivebord\STS2 Modding MCP v3.8.0\sts2-modding-mcp\decompiled\MegaCrit.Sts2.Core.Models.Cards\BladeOfInk.cs"
"Blur","Silent","Skill","Uncommon","1","Self","","Exact","High","GainBlock; GainBlur","supported primitives only","GainBlock;GainBlur","BlurPower","BlockVar;DynamicVar","OnPlay;OnUpgrade","Direct mapping to existing extra effects.","C:\Users\Bartek\OneDrive\Skrivebord\STS2 Modding MCP v3.8.0\sts2-modding-mcp\decompiled\MegaCrit.Sts2.Core.Models.Cards\Blur.cs"
"BouncingFlask","Silent","Skill","Uncommon","2","RandomEnemy","","Almost","Medium","ApplyPoison","conditional branch; loop/repeat; randomness","ApplyPoison","PoisonPower","DynamicVar;PowerVar;RepeatVar","OnPlay;OnUpgrade","Editor has matching primitives; calculated counts/filters/conditions need careful setup.","C:\Users\Bartek\OneDrive\Skrivebord\STS2 Modding MCP v3.8.0\sts2-modding-mcp\decompiled\MegaCrit.Sts2.Core.Models.Cards\BouncingFlask.cs"
"BubbleBubble","Silent","Skill","Uncommon","1","AnyEnemy","","Almost","Medium","ApplyPoison","conditional branch","ApplyPoison","PoisonPower","PowerVar","OnPlay;OnUpgrade","Editor has matching primitives; calculated counts/filters/conditions need careful setup.","C:\Users\Bartek\OneDrive\Skrivebord\STS2 Modding MCP v3.8.0\sts2-modding-mcp\decompiled\MegaCrit.Sts2.Core.Models.Cards\BubbleBubble.cs"
"BulletTime","Silent","Skill","Rare","3","Self","","Almost","Medium","ApplyPower; ApplyPower:NoDrawPower","conditional branch; loop/repeat; pile scan","ApplyPower","NoDrawPower","","OnPlay;OnUpgrade","Editor has matching primitives; calculated counts/filters/conditions need careful setup.","C:\Users\Bartek\OneDrive\Skrivebord\STS2 Modding MCP v3.8.0\sts2-modding-mcp\decompiled\MegaCrit.Sts2.Core.Models.Cards\BulletTime.cs"
"Burst","Silent","Skill","Rare","1","Self","","Exact","High","ApplyPower; ApplyPower:BurstPower","supported primitives only","ApplyPower","BurstPower","DynamicVar","OnPlay;OnUpgrade","Direct mapping to existing extra effects.","C:\Users\Bartek\OneDrive\Skrivebord\STS2 Modding MCP v3.8.0\sts2-modding-mcp\decompiled\MegaCrit.Sts2.Core.Models.Cards\Burst.cs"
"CalculatedGamble","Silent","Skill","Uncommon","0","Self","Exhaust;Retain","Almost","Medium","DiscardCards","pile scan","DiscardCards","","","OnPlay;OnUpgrade","Editor has matching primitives; calculated counts/filters/conditions need careful setup.","C:\Users\Bartek\OneDrive\Skrivebord\STS2 Modding MCP v3.8.0\sts2-modding-mcp\decompiled\MegaCrit.Sts2.Core.Models.Cards\CalculatedGamble.cs"
"CloakAndDagger","Silent","Skill","Common","1","Self","","Almost","Medium","GainBlock; AddSpecificCardToHand:Shiv","loop/repeat","GainBlock;AddSpecificCardToHand","","BlockVar;CardsVar;DynamicVar","OnPlay;OnUpgrade","Editor has matching primitives; calculated counts/filters/conditions need careful setup.","C:\Users\Bartek\OneDrive\Skrivebord\STS2 Modding MCP v3.8.0\sts2-modding-mcp\decompiled\MegaCrit.Sts2.Core.Models.Cards\CloakAndDagger.cs"
"CorrosiveWave","Silent","Skill","Rare","1","Self","","Exact","High","ApplyPower; ApplyPower:CorrosiveWavePower","supported primitives only","ApplyPower","CorrosiveWavePower","DynamicVar","OnPlay;OnUpgrade","Direct mapping to existing extra effects.","C:\Users\Bartek\OneDrive\Skrivebord\STS2 Modding MCP v3.8.0\sts2-modding-mcp\decompiled\MegaCrit.Sts2.Core.Models.Cards\CorrosiveWave.cs"
"DaggerSpray","Silent","Attack","Common","1","AllEnemies","","Almost","Medium","DealDamage","loop/repeat","DealDamage","","DamageVar","OnPlay;OnUpgrade","Editor has matching primitives; calculated counts/filters/conditions need careful setup.","C:\Users\Bartek\OneDrive\Skrivebord\STS2 Modding MCP v3.8.0\sts2-modding-mcp\decompiled\MegaCrit.Sts2.Core.Models.Cards\DaggerSpray.cs"
"DaggerThrow","Silent","Attack","Common","1","AnyEnemy","","Exact","High","DealDamage; DrawCards; DiscardCards","supported selector/pile operation","DealDamage;DrawCards;DiscardCards","","DamageVar","OnPlay;OnUpgrade","Direct mapping to existing editor selector and pile operation effects.","C:\Users\Bartek\OneDrive\Skrivebord\STS2 Modding MCP v3.8.0\sts2-modding-mcp\decompiled\MegaCrit.Sts2.Core.Models.Cards\DaggerThrow.cs"
"Dash","Silent","Attack","Uncommon","2","AnyEnemy","","Exact","High","DealDamage; GainBlock","supported primitives only","DealDamage;GainBlock","","BlockVar;DamageVar;DynamicVar","OnPlay;OnUpgrade","Direct mapping to existing extra effects.","C:\Users\Bartek\OneDrive\Skrivebord\STS2 Modding MCP v3.8.0\sts2-modding-mcp\decompiled\MegaCrit.Sts2.Core.Models.Cards\Dash.cs"
"DeadlyPoison","Silent","Skill","Common","1","AnyEnemy","","Exact","High","ApplyPoison","supported primitives only","ApplyPoison","PoisonPower","PowerVar","OnPlay;OnUpgrade","Direct mapping to existing extra effects.","C:\Users\Bartek\OneDrive\Skrivebord\STS2 Modding MCP v3.8.0\sts2-modding-mcp\decompiled\MegaCrit.Sts2.Core.Models.Cards\DeadlyPoison.cs"
"DefendSilent","Silent","Skill","Basic","1","Self","","Exact","High","GainBlock","supported primitives only","GainBlock","","BlockVar","OnPlay;OnUpgrade","Direct mapping to existing extra effects.","C:\Users\Bartek\OneDrive\Skrivebord\STS2 Modding MCP v3.8.0\sts2-modding-mcp\decompiled\MegaCrit.Sts2.Core.Models.Cards\DefendSilent.cs"
"Deflect","Silent","Skill","Common","0","Self","","Exact","High","GainBlock","supported primitives only","GainBlock","","BlockVar","OnPlay;OnUpgrade","Direct mapping to existing extra effects.","C:\Users\Bartek\OneDrive\Skrivebord\STS2 Modding MCP v3.8.0\sts2-modding-mcp\decompiled\MegaCrit.Sts2.Core.Models.Cards\Deflect.cs"
"DodgeAndRoll","Silent","Skill","Common","1","Self","","Exact","High","GainBlock; ApplyPower; ApplyPower:BlockNextTurnPower","supported primitives only","GainBlock;ApplyPower","BlockNextTurnPower","BlockVar","OnPlay;OnUpgrade","Direct mapping to existing extra effects.","C:\Users\Bartek\OneDrive\Skrivebord\STS2 Modding MCP v3.8.0\sts2-modding-mcp\decompiled\MegaCrit.Sts2.Core.Models.Cards\DodgeAndRoll.cs"
"EchoingSlash","Silent","Attack","Rare","1","AllEnemies","","Exact","High","DealDamage; LoseHp","supported primitives only","DealDamage;LoseHp","","DamageVar","OnPlay;OnUpgrade","Direct mapping to existing extra effects.","C:\Users\Bartek\OneDrive\Skrivebord\STS2 Modding MCP v3.8.0\sts2-modding-mcp\decompiled\MegaCrit.Sts2.Core.Models.Cards\EchoingSlash.cs"
"Envenom","Silent","Power","Rare","2","Self","","Exact","High","ApplyPower; ApplyPower:EnvenomPower","supported primitives only","ApplyPower","EnvenomPower","PowerVar","OnPlay;OnUpgrade","Direct mapping to existing extra effects.","C:\Users\Bartek\OneDrive\Skrivebord\STS2 Modding MCP v3.8.0\sts2-modding-mcp\decompiled\MegaCrit.Sts2.Core.Models.Cards\Envenom.cs"
"EscapePlan","Silent","Skill","Uncommon","0","Self","","Almost","Medium","GainBlock; DrawCards","conditional branch","GainBlock;DrawCards","","BlockVar","OnPlay;OnUpgrade","Editor has matching primitives; calculated counts/filters/conditions need careful setup.","C:\Users\Bartek\OneDrive\Skrivebord\STS2 Modding MCP v3.8.0\sts2-modding-mcp\decompiled\MegaCrit.Sts2.Core.Models.Cards\EscapePlan.cs"
"Expertise","Silent","Skill","Uncommon","1","Self","","Almost","Medium","DrawCards","pile scan","DrawCards","","CardsVar","OnPlay;OnUpgrade","Editor has matching primitives; calculated counts/filters/conditions need careful setup.","C:\Users\Bartek\OneDrive\Skrivebord\STS2 Modding MCP v3.8.0\sts2-modding-mcp\decompiled\MegaCrit.Sts2.Core.Models.Cards\Expertise.cs"
"Expose","Silent","Skill","Uncommon","0","AnyEnemy","Exhaust","Almost","Medium","ApplyVulnerable","conditional branch","ApplyVulnerable","VulnerablePower","DynamicVar","OnPlay;OnUpgrade","Editor has matching primitives; calculated counts/filters/conditions need careful setup.","C:\Users\Bartek\OneDrive\Skrivebord\STS2 Modding MCP v3.8.0\sts2-modding-mcp\decompiled\MegaCrit.Sts2.Core.Models.Cards\Expose.cs"
"FanOfKnives","Silent","Power","Rare","2","Self","","Almost","Medium","ApplyPower; ApplyPower:FanOfKnivesPower; AddSpecificCardToHand:Shiv","loop/repeat","ApplyPower;AddSpecificCardToHand","FanOfKnivesPower","CardsVar","OnEnqueuePlayVfx;OnPlay;OnUpgrade","Editor has matching primitives; calculated counts/filters/conditions need careful setup.","C:\Users\Bartek\OneDrive\Skrivebord\STS2 Modding MCP v3.8.0\sts2-modding-mcp\decompiled\MegaCrit.Sts2.Core.Models.Cards\FanOfKnives.cs"
"Finisher","Silent","Attack","Uncommon","1","AnyEnemy","","Almost","Medium","DealDamage","calculated amount","DealDamage","","CalculatedVar;CalculationBaseVar;CalculationExtraVar;DamageVar;DynamicVar","OnPlay;OnUpgrade","Editor has matching primitives; calculated counts/filters/conditions need careful setup.","C:\Users\Bartek\OneDrive\Skrivebord\STS2 Modding MCP v3.8.0\sts2-modding-mcp\decompiled\MegaCrit.Sts2.Core.Models.Cards\Finisher.cs"
"Flanking","Silent","Skill","Uncommon","2","AnyEnemy","","Exact","High","ApplyPower; ApplyPower:FlankingPower","supported primitives only","ApplyPower","FlankingPower","","OnPlay;OnUpgrade","Direct mapping to existing extra effects.","C:\Users\Bartek\OneDrive\Skrivebord\STS2 Modding MCP v3.8.0\sts2-modding-mcp\decompiled\MegaCrit.Sts2.Core.Models.Cards\Flanking.cs"
"Flechettes","Silent","Attack","Uncommon","1","AnyEnemy","","Almost","Medium","DealDamage","calculated amount","DealDamage","","CalculatedVar;CalculationBaseVar;CalculationExtraVar;DamageVar;DynamicVar","OnPlay;OnUpgrade","Editor has matching primitives; calculated counts/filters/conditions need careful setup.","C:\Users\Bartek\OneDrive\Skrivebord\STS2 Modding MCP v3.8.0\sts2-modding-mcp\decompiled\MegaCrit.Sts2.Core.Models.Cards\Flechettes.cs"
"FlickFlack","Silent","Attack","Common","1","AllEnemies","Sly","Exact","High","DealDamage","supported primitives only","DealDamage","","DamageVar","OnPlay;OnUpgrade","Direct mapping to existing extra effects.","C:\Users\Bartek\OneDrive\Skrivebord\STS2 Modding MCP v3.8.0\sts2-modding-mcp\decompiled\MegaCrit.Sts2.Core.Models.Cards\FlickFlack.cs"
"FollowThrough","Silent","Attack","Common","1","AnyEnemy","","Exact","High","DealDamage","supported primitives only","DealDamage","","DamageVar;DynamicVar","OnPlay;OnUpgrade","Direct mapping to existing extra effects.","C:\Users\Bartek\OneDrive\Skrivebord\STS2 Modding MCP v3.8.0\sts2-modding-mcp\decompiled\MegaCrit.Sts2.Core.Models.Cards\FollowThrough.cs"
"Footwork","Silent","Power","Uncommon","1","Self","","Exact","High","GainDexterity","supported primitives only","GainDexterity","DexterityPower","PowerVar","OnPlay;OnUpgrade","Direct mapping to existing extra effects.","C:\Users\Bartek\OneDrive\Skrivebord\STS2 Modding MCP v3.8.0\sts2-modding-mcp\decompiled\MegaCrit.Sts2.Core.Models.Cards\Footwork.cs"
"GrandFinale","Silent","Attack","Rare","0","AllEnemies","","Exact","High","DealDamage","supported primitives only","DealDamage","","DamageVar","OnPlay;OnUpgrade","Direct mapping to existing extra effects.","C:\Users\Bartek\OneDrive\Skrivebord\STS2 Modding MCP v3.8.0\sts2-modding-mcp\decompiled\MegaCrit.Sts2.Core.Models.Cards\GrandFinale.cs"
"HandTrick","Silent","Skill","Uncommon","1","Self","Sly","Almost","High","GainBlock; GrantKeywordToPile","negative keyword filter","GainBlock","","BlockVar","OnPlay;OnUpgrade","Gain block and grant Sly to a selected Skill in hand; missing exact filter for not already Sly this turn.","C:\Users\Bartek\OneDrive\Skrivebord\STS2 Modding MCP v3.8.0\sts2-modding-mcp\decompiled\MegaCrit.Sts2.Core.Models.Cards\HandTrick.cs"
"Haze","Silent","Skill","Uncommon","3","AllEnemies","Sly","Almost","Medium","ApplyPoison","loop/repeat","ApplyPoison","PoisonPower","PowerVar","OnPlay;OnUpgrade","Editor has matching primitives; calculated counts/filters/conditions need careful setup.","C:\Users\Bartek\OneDrive\Skrivebord\STS2 Modding MCP v3.8.0\sts2-modding-mcp\decompiled\MegaCrit.Sts2.Core.Models.Cards\Haze.cs"
"HiddenDaggers","Silent","Skill","Uncommon","0","Self","","Exact","High","DiscardCards; AddSpecificCardToHand; CreatedCardsUpgraded","","DiscardCards;UpgradeCardsInPile;AddSpecificCardToHand","","CardsVar;DynamicVar","OnPlay","Discard two selected cards, create two Shivs in hand; upgrade can upgrade created Shivs.","C:\Users\Bartek\OneDrive\Skrivebord\STS2 Modding MCP v3.8.0\sts2-modding-mcp\decompiled\MegaCrit.Sts2.Core.Models.Cards\HiddenDaggers.cs"
"InfiniteBlades","Silent","Power","Uncommon","1","Self","Innate","Exact","High","ApplyPower; ApplyPower:InfiniteBladesPower","supported primitives only","ApplyPower","InfiniteBladesPower","","OnPlay;OnUpgrade","Direct mapping to existing extra effects.","C:\Users\Bartek\OneDrive\Skrivebord\STS2 Modding MCP v3.8.0\sts2-modding-mcp\decompiled\MegaCrit.Sts2.Core.Models.Cards\InfiniteBlades.cs"
"KnifeTrap","Silent","Skill","Rare","2","AnyEnemy","","Almost","Medium","UpgradeCardsInPile","conditional branch; loop/repeat; custom card filter; pile scan","UpgradeCardsInPile","","CalculatedVar;CalculationBaseVar;CalculationExtraVar;DynamicVar","OnPlay","Editor has matching primitives; calculated counts/filters/conditions need careful setup.","C:\Users\Bartek\OneDrive\Skrivebord\STS2 Modding MCP v3.8.0\sts2-modding-mcp\decompiled\MegaCrit.Sts2.Core.Models.Cards\KnifeTrap.cs"
"LeadingStrike","Silent","Attack","Common","1","AnyEnemy","","Almost","Medium","DealDamage; AddSpecificCardToHand:Shiv","loop/repeat","DealDamage;AddSpecificCardToHand","","CardsVar;DamageVar;DynamicVar","OnPlay;OnUpgrade","Editor has matching primitives; calculated counts/filters/conditions need careful setup.","C:\Users\Bartek\OneDrive\Skrivebord\STS2 Modding MCP v3.8.0\sts2-modding-mcp\decompiled\MegaCrit.Sts2.Core.Models.Cards\LeadingStrike.cs"
"LegSweep","Silent","Skill","Uncommon","2","AnyEnemy","","Exact","High","GainBlock; ApplyWeak","supported primitives only","GainBlock;ApplyWeak","WeakPower","BlockVar;DynamicVar;PowerVar","OnPlay;OnUpgrade","Direct mapping to existing extra effects.","C:\Users\Bartek\OneDrive\Skrivebord\STS2 Modding MCP v3.8.0\sts2-modding-mcp\decompiled\MegaCrit.Sts2.Core.Models.Cards\LegSweep.cs"
"Malaise","Silent","Skill","Rare","0","AnyEnemy","Exhaust","Almost","Medium","GainStrength; ApplyWeak","conditional branch","GainStrength;ApplyWeak","StrengthPower;WeakPower","","OnPlay","Editor has matching primitives; calculated counts/filters/conditions need careful setup.","C:\Users\Bartek\OneDrive\Skrivebord\STS2 Modding MCP v3.8.0\sts2-modding-mcp\decompiled\MegaCrit.Sts2.Core.Models.Cards\Malaise.cs"
"MasterPlanner","Silent","Power","Rare","2","Self","Sly","Exact","High","ApplyPower; ApplyPower:MasterPlannerPower","supported primitives only","ApplyPower","MasterPlannerPower","","OnPlay;OnUpgrade","Direct mapping to existing extra effects.","C:\Users\Bartek\OneDrive\Skrivebord\STS2 Modding MCP v3.8.0\sts2-modding-mcp\decompiled\MegaCrit.Sts2.Core.Models.Cards\MasterPlanner.cs"
"MementoMori","Silent","Attack","Uncommon","1","AnyEnemy","","Exact","High","DealDamage","supported primitives only","DealDamage","","CalculatedDamageVar;CalculationBaseVar;DynamicVar;ExtraDamageVar","OnPlay;OnUpgrade","Direct mapping to existing extra effects.","C:\Users\Bartek\OneDrive\Skrivebord\STS2 Modding MCP v3.8.0\sts2-modding-mcp\decompiled\MegaCrit.Sts2.Core.Models.Cards\MementoMori.cs"
"Mirage","Silent","Skill","Uncommon","1","Self","Exhaust","Almost","Medium","GainBlock","calculated amount","GainBlock","","CalculatedBlockVar;CalculationBaseVar;CalculationExtraVar;DynamicVar","OnPlay;OnUpgrade","Editor has matching primitives; calculated counts/filters/conditions need careful setup.","C:\Users\Bartek\OneDrive\Skrivebord\STS2 Modding MCP v3.8.0\sts2-modding-mcp\decompiled\MegaCrit.Sts2.Core.Models.Cards\Mirage.cs"
"Murder","Silent","Attack","Rare","3","AnyEnemy","","Exact","High","DealDamage","supported primitives only","DealDamage","","CalculatedDamageVar;CalculationBaseVar;DynamicVar;ExtraDamageVar","OnPlay;OnUpgrade","Direct mapping to existing extra effects.","C:\Users\Bartek\OneDrive\Skrivebord\STS2 Modding MCP v3.8.0\sts2-modding-mcp\decompiled\MegaCrit.Sts2.Core.Models.Cards\Murder.cs"
"Neutralize","Silent","Attack","Basic","0","AnyEnemy","","Almost","Medium","DealDamage; ApplyWeak","conditional branch","DealDamage;ApplyWeak","WeakPower","DamageVar;DynamicVar;PowerVar","OnPlay;OnUpgrade","Editor has matching primitives; calculated counts/filters/conditions need careful setup.","C:\Users\Bartek\OneDrive\Skrivebord\STS2 Modding MCP v3.8.0\sts2-modding-mcp\decompiled\MegaCrit.Sts2.Core.Models.Cards\Neutralize.cs"
"Nightmare","Silent","Skill","Rare","3","Self","Exhaust","Partial","High","ApplyPower; card selector payload","power payload selected card","ApplyPower","NightmarePower","","OnPlay;OnUpgrade","Generic ApplyPower can apply NightmarePower, but cannot pass the selected hand card into NightmarePower.SetSelectedCard.","C:\Users\Bartek\OneDrive\Skrivebord\STS2 Modding MCP v3.8.0\sts2-modding-mcp\decompiled\MegaCrit.Sts2.Core.Models.Cards\Nightmare.cs"
"NoxiousFumes","Silent","Power","Uncommon","1","Self","","Exact","High","ApplyPower; ApplyPower:NoxiousFumesPower","supported primitives only","ApplyPower","NoxiousFumesPower","DynamicVar","OnPlay;OnUpgrade","Direct mapping to existing extra effects.","C:\Users\Bartek\OneDrive\Skrivebord\STS2 Modding MCP v3.8.0\sts2-modding-mcp\decompiled\MegaCrit.Sts2.Core.Models.Cards\NoxiousFumes.cs"
"Outbreak","Silent","Power","Uncommon","1","Self","","Exact","High","ApplyPower; ApplyPower:OutbreakPower","supported primitives only","ApplyPower","OutbreakPower","DynamicVar;PowerVar;RepeatVar","OnPlay;OnUpgrade","Direct mapping to existing extra effects.","C:\Users\Bartek\OneDrive\Skrivebord\STS2 Modding MCP v3.8.0\sts2-modding-mcp\decompiled\MegaCrit.Sts2.Core.Models.Cards\Outbreak.cs"
"PhantomBlades","Silent","Power","Uncommon","1","Self","Retain","Exact","High","ApplyPower; ApplyPower:PhantomBladesPower","supported primitives only","ApplyPower","PhantomBladesPower","PowerVar","OnPlay;OnUpgrade","Direct mapping to existing extra effects.","C:\Users\Bartek\OneDrive\Skrivebord\STS2 Modding MCP v3.8.0\sts2-modding-mcp\decompiled\MegaCrit.Sts2.Core.Models.Cards\PhantomBlades.cs"
"PiercingWail","Silent","Skill","Common","1","AllEnemies","Exhaust","Almost","Medium","ApplyPower; ApplyPower:PiercingWailPower","loop/repeat","ApplyPower","PiercingWailPower","DynamicVar","OnPlay;OnUpgrade","Editor has matching primitives; calculated counts/filters/conditions need careful setup.","C:\Users\Bartek\OneDrive\Skrivebord\STS2 Modding MCP v3.8.0\sts2-modding-mcp\decompiled\MegaCrit.Sts2.Core.Models.Cards\PiercingWail.cs"
"Pinpoint","Silent","Attack","Uncommon","3","AnyEnemy","","Almost","Medium","DealDamage","combat history count; conditional branch","DealDamage","","DamageVar","AfterCardEnteredCombat;AfterCardPlayed;OnPlay;OnUpgrade","Editor has matching primitives; calculated counts/filters/conditions need careful setup.","C:\Users\Bartek\OneDrive\Skrivebord\STS2 Modding MCP v3.8.0\sts2-modding-mcp\decompiled\MegaCrit.Sts2.Core.Models.Cards\Pinpoint.cs"
"PoisonedStab","Silent","Attack","Common","1","AnyEnemy","","Exact","High","DealDamage; ApplyPoison","supported primitives only","DealDamage;ApplyPoison","PoisonPower","DamageVar;DynamicVar;PowerVar","OnPlay;OnUpgrade","Direct mapping to existing extra effects.","C:\Users\Bartek\OneDrive\Skrivebord\STS2 Modding MCP v3.8.0\sts2-modding-mcp\decompiled\MegaCrit.Sts2.Core.Models.Cards\PoisonedStab.cs"
"Pounce","Silent","Attack","Uncommon","2","AnyEnemy","","Exact","High","DealDamage; ApplyPower; ApplyPower:FreeSkillPower","supported primitives only","DealDamage;ApplyPower","FreeSkillPower","DamageVar","OnPlay;OnUpgrade","Direct mapping to existing extra effects.","C:\Users\Bartek\OneDrive\Skrivebord\STS2 Modding MCP v3.8.0\sts2-modding-mcp\decompiled\MegaCrit.Sts2.Core.Models.Cards\Pounce.cs"
"PreciseCut","Silent","Attack","Uncommon","0","AnyEnemy","","Exact","High","DealDamage","supported primitives only","DealDamage","","CalculatedDamageVar;CalculationBaseVar;DynamicVar;ExtraDamageVar","OnPlay;OnUpgrade","Direct mapping to existing extra effects.","C:\Users\Bartek\OneDrive\Skrivebord\STS2 Modding MCP v3.8.0\sts2-modding-mcp\decompiled\MegaCrit.Sts2.Core.Models.Cards\PreciseCut.cs"
"Predator","Silent","Attack","Uncommon","2","AnyEnemy","","Exact","High","DealDamage; ApplyPower; ApplyPower:DrawCardsNextTurnPower","supported primitives only","DealDamage;ApplyPower","DrawCardsNextTurnPower","DamageVar","OnPlay;OnUpgrade","Direct mapping to existing extra effects.","C:\Users\Bartek\OneDrive\Skrivebord\STS2 Modding MCP v3.8.0\sts2-modding-mcp\decompiled\MegaCrit.Sts2.Core.Models.Cards\Predator.cs"
"Prepared","Silent","Skill","Common","0","Self","","Exact","High","DrawCards; DiscardCards","supported selector/pile operation","DrawCards;DiscardCards","","CardsVar","OnPlay;OnUpgrade","Direct mapping to existing editor selector and pile operation effects.","C:\Users\Bartek\OneDrive\Skrivebord\STS2 Modding MCP v3.8.0\sts2-modding-mcp\decompiled\MegaCrit.Sts2.Core.Models.Cards\Prepared.cs"
"Reflex","Silent","Skill","Uncommon","3","Self","Sly","Exact","High","DrawCards","supported primitives only","DrawCards","","CardsVar","OnPlay;OnUpgrade","Direct mapping to existing extra effects.","C:\Users\Bartek\OneDrive\Skrivebord\STS2 Modding MCP v3.8.0\sts2-modding-mcp\decompiled\MegaCrit.Sts2.Core.Models.Cards\Reflex.cs"
"Ricochet","Silent","Attack","Common","2","RandomEnemy","Sly","Almost","Medium","DealDamage","randomness","DealDamage","","DamageVar;DynamicVar;RepeatVar","OnPlay;OnUpgrade","Editor has matching primitives; calculated counts/filters/conditions need careful setup.","C:\Users\Bartek\OneDrive\Skrivebord\STS2 Modding MCP v3.8.0\sts2-modding-mcp\decompiled\MegaCrit.Sts2.Core.Models.Cards\Ricochet.cs"
"SerpentForm","Silent","Power","Rare","3","Self","","Exact","High","ApplyPower; ApplyPower:SerpentFormPower","supported primitives only","ApplyPower","SerpentFormPower","PowerVar","OnPlay;OnUpgrade","Direct mapping to existing extra effects.","C:\Users\Bartek\OneDrive\Skrivebord\STS2 Modding MCP v3.8.0\sts2-modding-mcp\decompiled\MegaCrit.Sts2.Core.Models.Cards\SerpentForm.cs"
"ShadowStep","Silent","Skill","Rare","1","Self","","Almost","Medium","DiscardCards; ApplyPower; ApplyPower:ShadowStepPower","pile scan","DiscardCards;ApplyPower","ShadowStepPower","CardsVar","OnPlay;OnUpgrade","Editor has matching primitives; calculated counts/filters/conditions need careful setup.","C:\Users\Bartek\OneDrive\Skrivebord\STS2 Modding MCP v3.8.0\sts2-modding-mcp\decompiled\MegaCrit.Sts2.Core.Models.Cards\ShadowStep.cs"
"Shadowmeld","Silent","Skill","Rare","1","Self","","Exact","High","ApplyPower; ApplyPower:ShadowmeldPower","supported primitives only","ApplyPower","ShadowmeldPower","DynamicVar","OnPlay;OnUpgrade","Direct mapping to existing extra effects.","C:\Users\Bartek\OneDrive\Skrivebord\STS2 Modding MCP v3.8.0\sts2-modding-mcp\decompiled\MegaCrit.Sts2.Core.Models.Cards\Shadowmeld.cs"
"Skewer","Silent","Attack","Uncommon","0","AnyEnemy","","Exact","High","DealDamage","supported primitives only","DealDamage","","DamageVar","OnPlay;OnUpgrade","Direct mapping to existing extra effects.","C:\Users\Bartek\OneDrive\Skrivebord\STS2 Modding MCP v3.8.0\sts2-modding-mcp\decompiled\MegaCrit.Sts2.Core.Models.Cards\Skewer.cs"
"Slice","Silent","Attack","Common","0","AnyEnemy","","Almost","Medium","DealDamage","conditional branch","DealDamage","","DamageVar","OnPlay;OnUpgrade","Editor has matching primitives; calculated counts/filters/conditions need careful setup.","C:\Users\Bartek\OneDrive\Skrivebord\STS2 Modding MCP v3.8.0\sts2-modding-mcp\decompiled\MegaCrit.Sts2.Core.Models.Cards\Slice.cs"
"Snakebite","Silent","Skill","Common","2","AnyEnemy","Retain","Exact","High","ApplyPoison","supported primitives only","ApplyPoison","PoisonPower","PowerVar","OnPlay;OnUpgrade","Direct mapping to existing extra effects.","C:\Users\Bartek\OneDrive\Skrivebord\STS2 Modding MCP v3.8.0\sts2-modding-mcp\decompiled\MegaCrit.Sts2.Core.Models.Cards\Snakebite.cs"
"Sneaky","Silent","Power","Rare","2","Self","Sly","Exact","High","ApplyPower; ApplyPower:SneakyPower","supported primitives only","ApplyPower","SneakyPower","PowerVar","OnPlay;OnUpgrade","Direct mapping to existing extra effects.","C:\Users\Bartek\OneDrive\Skrivebord\STS2 Modding MCP v3.8.0\sts2-modding-mcp\decompiled\MegaCrit.Sts2.Core.Models.Cards\Sneaky.cs"
"Speedster","Silent","Power","Uncommon","2","Self","Innate","Exact","High","ApplyPower; ApplyPower:SpeedsterPower","supported primitives only","ApplyPower","SpeedsterPower","PowerVar","OnPlay;OnUpgrade","Direct mapping to existing extra effects.","C:\Users\Bartek\OneDrive\Skrivebord\STS2 Modding MCP v3.8.0\sts2-modding-mcp\decompiled\MegaCrit.Sts2.Core.Models.Cards\Speedster.cs"
"StormOfSteel","Silent","Skill","Rare","1","Self","","Almost","Medium","DiscardCards; UpgradeCardsInPile; AddSpecificCardToHand:Shiv","conditional branch; loop/repeat; pile scan","DiscardCards;UpgradeCardsInPile;AddSpecificCardToHand","","","OnPlay","Editor has matching primitives; calculated counts/filters/conditions need careful setup.","C:\Users\Bartek\OneDrive\Skrivebord\STS2 Modding MCP v3.8.0\sts2-modding-mcp\decompiled\MegaCrit.Sts2.Core.Models.Cards\StormOfSteel.cs"
"Strangle","Silent","Attack","Uncommon","1","AnyEnemy","","Exact","High","DealDamage; ApplyPower; ApplyPower:StranglePower","supported primitives only","DealDamage;ApplyPower","StranglePower","DamageVar;DynamicVar;PowerVar","OnPlay;OnUpgrade","Direct mapping to existing extra effects.","C:\Users\Bartek\OneDrive\Skrivebord\STS2 Modding MCP v3.8.0\sts2-modding-mcp\decompiled\MegaCrit.Sts2.Core.Models.Cards\Strangle.cs"
"StrikeSilent","Silent","Attack","Basic","1","AnyEnemy","","Exact","High","DealDamage","supported primitives only","DealDamage","","DamageVar","OnPlay;OnUpgrade","Direct mapping to existing extra effects.","C:\Users\Bartek\OneDrive\Skrivebord\STS2 Modding MCP v3.8.0\sts2-modding-mcp\decompiled\MegaCrit.Sts2.Core.Models.Cards\StrikeSilent.cs"
"SuckerPunch","Silent","Attack","Common","1","AnyEnemy","","Exact","High","DealDamage; ApplyWeak","supported primitives only","DealDamage;ApplyWeak","WeakPower","DamageVar;DynamicVar;PowerVar","OnPlay;OnUpgrade","Direct mapping to existing extra effects.","C:\Users\Bartek\OneDrive\Skrivebord\STS2 Modding MCP v3.8.0\sts2-modding-mcp\decompiled\MegaCrit.Sts2.Core.Models.Cards\SuckerPunch.cs"
"Suppress","Silent","Attack","Ancient","0","AnyEnemy","Innate","Almost","Medium","DealDamage; ApplyWeak","conditional branch","DealDamage;ApplyWeak","WeakPower","DamageVar;DynamicVar;PowerVar","OnPlay;OnUpgrade","Editor has matching primitives; calculated counts/filters/conditions need careful setup.","C:\Users\Bartek\OneDrive\Skrivebord\STS2 Modding MCP v3.8.0\sts2-modding-mcp\decompiled\MegaCrit.Sts2.Core.Models.Cards\Suppress.cs"
"Survivor","Silent","Skill","Basic","1","Self","","Exact","High","GainBlock; DiscardCards","supported selector/pile operation","GainBlock;DiscardCards","","BlockVar","OnPlay;OnUpgrade","Direct mapping to existing editor selector and pile operation effects.","C:\Users\Bartek\OneDrive\Skrivebord\STS2 Modding MCP v3.8.0\sts2-modding-mcp\decompiled\MegaCrit.Sts2.Core.Models.Cards\Survivor.cs"
"Tactician","Silent","Skill","Uncommon","3","Self","Sly","Exact","High","GainEnergy","supported primitives only","GainEnergy","","EnergyVar","OnPlay;OnUpgrade","Direct mapping to existing extra effects.","C:\Users\Bartek\OneDrive\Skrivebord\STS2 Modding MCP v3.8.0\sts2-modding-mcp\decompiled\MegaCrit.Sts2.Core.Models.Cards\Tactician.cs"
"TheHunt","Silent","Attack","Rare","1","AnyEnemy","Exhaust","Almost","Medium","DealDamage; AddCardReward; ApplyPower; ApplyPower:TheHuntPower","conditional branch","DealDamage;AddCardReward;ApplyPower","TheHuntPower","DamageVar","OnPlay;OnUpgrade","Editor has matching primitives; calculated counts/filters/conditions need careful setup.","C:\Users\Bartek\OneDrive\Skrivebord\STS2 Modding MCP v3.8.0\sts2-modding-mcp\decompiled\MegaCrit.Sts2.Core.Models.Cards\TheHunt.cs"
"ToolsOfTheTrade","Silent","Power","Rare","1","Self","","Exact","High","ApplyPower; ApplyPower:ToolsOfTheTradePower","supported primitives only","ApplyPower","ToolsOfTheTradePower","","OnPlay;OnUpgrade","Direct mapping to existing extra effects.","C:\Users\Bartek\OneDrive\Skrivebord\STS2 Modding MCP v3.8.0\sts2-modding-mcp\decompiled\MegaCrit.Sts2.Core.Models.Cards\ToolsOfTheTrade.cs"
"Tracking","Silent","Power","Rare","2","Self","","Almost","Medium","ApplyPower; ApplyPower:TrackingPower","conditional branch","ApplyPower","TrackingPower","","OnPlay;OnUpgrade","Editor has matching primitives; calculated counts/filters/conditions need careful setup.","C:\Users\Bartek\OneDrive\Skrivebord\STS2 Modding MCP v3.8.0\sts2-modding-mcp\decompiled\MegaCrit.Sts2.Core.Models.Cards\Tracking.cs"
"Untouchable","Silent","Skill","Common","2","Self","Sly","Exact","High","GainBlock","supported primitives only","GainBlock","","BlockVar","OnPlay;OnUpgrade","Direct mapping to existing extra effects.","C:\Users\Bartek\OneDrive\Skrivebord\STS2 Modding MCP v3.8.0\sts2-modding-mcp\decompiled\MegaCrit.Sts2.Core.Models.Cards\Untouchable.cs"
"UpMySleeve","Silent","Skill","Uncommon","2","Self","","Almost","Medium","AddSpecificCardToHand:Shiv","loop/repeat","AddSpecificCardToHand","","CardsVar","OnPlay;OnUpgrade","Editor has matching primitives; calculated counts/filters/conditions need careful setup.","C:\Users\Bartek\OneDrive\Skrivebord\STS2 Modding MCP v3.8.0\sts2-modding-mcp\decompiled\MegaCrit.Sts2.Core.Models.Cards\UpMySleeve.cs"
"WellLaidPlans","Silent","Power","Uncommon","1","Self","Retain","Exact","High","ApplyPower; ApplyPower:WellLaidPlansPower","supported primitives only","ApplyPower","WellLaidPlansPower","DynamicVar","OnPlay;OnUpgrade","Direct mapping to existing extra effects.","C:\Users\Bartek\OneDrive\Skrivebord\STS2 Modding MCP v3.8.0\sts2-modding-mcp\decompiled\MegaCrit.Sts2.Core.Models.Cards\WellLaidPlans.cs"
"WraithForm","Silent","Power","Ancient","3","Self","","Exact","High","GainIntangible; ApplyPower; ApplyPower:WraithFormPower","supported primitives only","GainIntangible;ApplyPower","IntangiblePower;WraithFormPower","DynamicVar;PowerVar","OnPlay;OnUpgrade","Direct mapping to existing extra effects.","C:\Users\Bartek\OneDrive\Skrivebord\STS2 Modding MCP v3.8.0\sts2-modding-mcp\decompiled\MegaCrit.Sts2.Core.Models.Cards\WraithForm.cs"
"AdaptiveStrike","Defect","Attack","Rare","2","AnyEnemy","","Exact","High","DealDamage; AddSpecificCardToHand","supported primitives only","DealDamage;AddSpecificCardToHand","","DamageVar","OnPlay;OnUpgrade","Direct mapping to existing extra effects.","C:\Users\Bartek\OneDrive\Skrivebord\STS2 Modding MCP v3.8.0\sts2-modding-mcp\decompiled\MegaCrit.Sts2.Core.Models.Cards\AdaptiveStrike.cs"
"AllForOne","Defect","Attack","Rare","2","AnyEnemy","","Almost","Medium","DealDamage; MoveCardsBetweenPiles","loop/repeat; custom card filter; pile scan","DealDamage;MoveCardsBetweenPiles","","DamageVar","OnPlay;OnUpgrade","Editor has matching primitives; calculated counts/filters/conditions need careful setup.","C:\Users\Bartek\OneDrive\Skrivebord\STS2 Modding MCP v3.8.0\sts2-modding-mcp\decompiled\MegaCrit.Sts2.Core.Models.Cards\AllForOne.cs"
"BallLightning","Defect","Attack","Common","1","AnyEnemy","","Exact","High","DealDamage; ChannelLightning","supported primitives only","DealDamage;ChannelLightning","","DamageVar","OnPlay;OnUpgrade","Direct mapping to existing extra effects.","C:\Users\Bartek\OneDrive\Skrivebord\STS2 Modding MCP v3.8.0\sts2-modding-mcp\decompiled\MegaCrit.Sts2.Core.Models.Cards\BallLightning.cs"
"Barrage","Defect","Attack","Common","1","AnyEnemy","","Almost","Medium","DealDamage","calculated amount","DealDamage","","CalculatedVar;CalculationBaseVar;CalculationExtraVar;DamageVar;DynamicVar","OnPlay;OnUpgrade","Editor has matching primitives; calculated counts/filters/conditions need careful setup.","C:\Users\Bartek\OneDrive\Skrivebord\STS2 Modding MCP v3.8.0\sts2-modding-mcp\decompiled\MegaCrit.Sts2.Core.Models.Cards\Barrage.cs"
"BeamCell","Defect","Attack","Common","0","AnyEnemy","","Exact","High","DealDamage; ApplyVulnerable","supported primitives only","DealDamage;ApplyVulnerable","VulnerablePower","DamageVar;DynamicVar;PowerVar","OnPlay;OnUpgrade","Direct mapping to existing extra effects.","C:\Users\Bartek\OneDrive\Skrivebord\STS2 Modding MCP v3.8.0\sts2-modding-mcp\decompiled\MegaCrit.Sts2.Core.Models.Cards\BeamCell.cs"
"BiasedCognition","Defect","Power","Ancient","1","Self","","Exact","High","ApplyPower; GainFocus; ApplyPower:BiasedCognitionPower","supported primitives only","ApplyPower;GainFocus","BiasedCognitionPower;FocusPower","DynamicVar;PowerVar","OnPlay;OnUpgrade","Direct mapping to existing extra effects.","C:\Users\Bartek\OneDrive\Skrivebord\STS2 Modding MCP v3.8.0\sts2-modding-mcp\decompiled\MegaCrit.Sts2.Core.Models.Cards\BiasedCognition.cs"
"BoostAway","Defect","Skill","Common","0","Self","","Almost","Medium","GainBlock; AddSpecificCardToHand","specific generated card","GainBlock;AddSpecificCardToHand","","BlockVar","OnPlay;OnUpgrade","Editor has matching primitives; calculated counts/filters/conditions need careful setup.","C:\Users\Bartek\OneDrive\Skrivebord\STS2 Modding MCP v3.8.0\sts2-modding-mcp\decompiled\MegaCrit.Sts2.Core.Models.Cards\BoostAway.cs"
"BootSequence","Defect","Skill","Uncommon","0","Self","Exhaust;Innate","Exact","High","GainBlock","supported primitives only","GainBlock","","BlockVar","OnPlay;OnUpgrade","Direct mapping to existing extra effects.","C:\Users\Bartek\OneDrive\Skrivebord\STS2 Modding MCP v3.8.0\sts2-modding-mcp\decompiled\MegaCrit.Sts2.Core.Models.Cards\BootSequence.cs"
"Buffer","Defect","Power","Rare","2","Self","","Exact","High","GainBuffer","supported primitives only","GainBuffer","BufferPower","PowerVar","OnPlay;OnUpgrade","Direct mapping to existing extra effects.","C:\Users\Bartek\OneDrive\Skrivebord\STS2 Modding MCP v3.8.0\sts2-modding-mcp\decompiled\MegaCrit.Sts2.Core.Models.Cards\Buffer.cs"
"BulkUp","Defect","Power","Uncommon","2","Self","","Exact","High","LoseOrbSlots; GainDexterity; GainStrength","supported primitives only","LoseOrbSlots;GainDexterity;GainStrength","DexterityPower;StrengthPower","DynamicVar;PowerVar","OnPlay;OnUpgrade","Direct mapping to existing extra effects.","C:\Users\Bartek\OneDrive\Skrivebord\STS2 Modding MCP v3.8.0\sts2-modding-mcp\decompiled\MegaCrit.Sts2.Core.Models.Cards\BulkUp.cs"
"Capacitor","Defect","Power","Uncommon","1","Self","","Exact","High","GainOrbSlots","supported primitives only","GainOrbSlots","","RepeatVar","OnPlay;OnUpgrade","Direct mapping to existing extra effects.","C:\Users\Bartek\OneDrive\Skrivebord\STS2 Modding MCP v3.8.0\sts2-modding-mcp\decompiled\MegaCrit.Sts2.Core.Models.Cards\Capacitor.cs"
"Chaos","Defect","Skill","Uncommon","1","Self","","Almost","Medium","ChannelRandomOrb","loop/repeat; randomness","ChannelRandomOrb","","RepeatVar","OnPlay;OnUpgrade","Editor has matching primitives; calculated counts/filters/conditions need careful setup.","C:\Users\Bartek\OneDrive\Skrivebord\STS2 Modding MCP v3.8.0\sts2-modding-mcp\decompiled\MegaCrit.Sts2.Core.Models.Cards\Chaos.cs"
"ChargeBattery","Defect","Skill","Common","1","Self","","Exact","High","GainBlock; ApplyPower; ApplyPower:EnergyNextTurnPower","supported primitives only","GainBlock;ApplyPower","EnergyNextTurnPower","BlockVar;DynamicVar;EnergyVar","OnPlay;OnUpgrade","Direct mapping to existing extra effects.","C:\Users\Bartek\OneDrive\Skrivebord\STS2 Modding MCP v3.8.0\sts2-modding-mcp\decompiled\MegaCrit.Sts2.Core.Models.Cards\ChargeBattery.cs"
"Chill","Defect","Skill","Uncommon","0","Self","Exhaust","Almost","Medium","ChannelFrost","loop/repeat","ChannelFrost","","","OnPlay;OnUpgrade","Editor has matching primitives; calculated counts/filters/conditions need careful setup.","C:\Users\Bartek\OneDrive\Skrivebord\STS2 Modding MCP v3.8.0\sts2-modding-mcp\decompiled\MegaCrit.Sts2.Core.Models.Cards\Chill.cs"
"Claw","Defect","Attack","Common","0","AnyEnemy","","Almost","Medium","DealDamage","loop/repeat","DealDamage","","DamageVar;DynamicVar","AfterDowngraded;OnPlay;OnUpgrade","Editor has matching primitives; calculated counts/filters/conditions need careful setup.","C:\Users\Bartek\OneDrive\Skrivebord\STS2 Modding MCP v3.8.0\sts2-modding-mcp\decompiled\MegaCrit.Sts2.Core.Models.Cards\Claw.cs"
"ColdSnap","Defect","Attack","Common","1","AnyEnemy","","Exact","High","DealDamage; ChannelFrost","supported primitives only","DealDamage;ChannelFrost","","DamageVar","OnPlay;OnUpgrade","Direct mapping to existing extra effects.","C:\Users\Bartek\OneDrive\Skrivebord\STS2 Modding MCP v3.8.0\sts2-modding-mcp\decompiled\MegaCrit.Sts2.Core.Models.Cards\ColdSnap.cs"
"Compact","Defect","Skill","Uncommon","1","Self","","Almost","Medium","GainBlock; AddSpecificCardToHand; TransformCards; UpgradeCardsInPile","conditional branch; loop/repeat; custom card filter; pile scan; specific generated card","GainBlock;AddSpecificCardToHand;TransformCards;UpgradeCardsInPile","","BlockVar","OnPlay;OnUpgrade","Editor has matching primitives; calculated counts/filters/conditions need careful setup.","C:\Users\Bartek\OneDrive\Skrivebord\STS2 Modding MCP v3.8.0\sts2-modding-mcp\decompiled\MegaCrit.Sts2.Core.Models.Cards\Compact.cs"
"CompileDriver","Defect","Attack","Common","1","AnyEnemy","","Almost","Medium","DealDamage; DrawCards","calculated amount","DealDamage;DrawCards","","CalculatedVar;CalculationBaseVar;CalculationExtraVar;DamageVar;DynamicVar","OnPlay;OnUpgrade","Editor has matching primitives; calculated counts/filters/conditions need careful setup.","C:\Users\Bartek\OneDrive\Skrivebord\STS2 Modding MCP v3.8.0\sts2-modding-mcp\decompiled\MegaCrit.Sts2.Core.Models.Cards\CompileDriver.cs"
"ConsumingShadow","Defect","Power","Rare","2","Self","","Almost","Medium","ChannelDark; ApplyPower; ApplyPower:ConsumingShadowPower","loop/repeat","ChannelDark;ApplyPower","ConsumingShadowPower","DynamicVar;PowerVar;RepeatVar","OnPlay;OnUpgrade","Editor has matching primitives; calculated counts/filters/conditions need careful setup.","C:\Users\Bartek\OneDrive\Skrivebord\STS2 Modding MCP v3.8.0\sts2-modding-mcp\decompiled\MegaCrit.Sts2.Core.Models.Cards\ConsumingShadow.cs"
"Coolant","Defect","Power","Rare","1","Self","","Exact","High","ApplyPower; ApplyPower:CoolantPower","supported primitives only","ApplyPower","CoolantPower","PowerVar","OnPlay;OnUpgrade","Direct mapping to existing extra effects.","C:\Users\Bartek\OneDrive\Skrivebord\STS2 Modding MCP v3.8.0\sts2-modding-mcp\decompiled\MegaCrit.Sts2.Core.Models.Cards\Coolant.cs"
"Coolheaded","Defect","Skill","Common","1","Self","","Exact","High","DrawCards; ChannelFrost","supported primitives only","DrawCards;ChannelFrost","","CardsVar","OnPlay;OnUpgrade","Direct mapping to existing extra effects.","C:\Users\Bartek\OneDrive\Skrivebord\STS2 Modding MCP v3.8.0\sts2-modding-mcp\decompiled\MegaCrit.Sts2.Core.Models.Cards\Coolheaded.cs"
"CreativeAi","Defect","Power","Rare","3","Self","","Exact","High","ApplyPower; ApplyPower:CreativeAiPower","supported primitives only","ApplyPower","CreativeAiPower","DynamicVar","OnPlay;OnUpgrade","Direct mapping to existing extra effects.","C:\Users\Bartek\OneDrive\Skrivebord\STS2 Modding MCP v3.8.0\sts2-modding-mcp\decompiled\MegaCrit.Sts2.Core.Models.Cards\CreativeAi.cs"
"Darkness","Defect","Skill","Uncommon","1","Self","","Almost","Medium","ChannelDark","loop/repeat; custom card filter","ChannelDark","","","OnPlay","Editor has matching primitives; calculated counts/filters/conditions need careful setup.","C:\Users\Bartek\OneDrive\Skrivebord\STS2 Modding MCP v3.8.0\sts2-modding-mcp\decompiled\MegaCrit.Sts2.Core.Models.Cards\Darkness.cs"
"DefendDefect","Defect","Skill","Basic","1","Self","","Exact","High","GainBlock","supported primitives only","GainBlock","","BlockVar","OnPlay;OnUpgrade","Direct mapping to existing extra effects.","C:\Users\Bartek\OneDrive\Skrivebord\STS2 Modding MCP v3.8.0\sts2-modding-mcp\decompiled\MegaCrit.Sts2.Core.Models.Cards\DefendDefect.cs"
"Defragment","Defect","Power","Rare","1","Self","","Exact","High","GainFocus","supported primitives only","GainFocus","FocusPower","PowerVar","OnPlay;OnUpgrade","Direct mapping to existing extra effects.","C:\Users\Bartek\OneDrive\Skrivebord\STS2 Modding MCP v3.8.0\sts2-modding-mcp\decompiled\MegaCrit.Sts2.Core.Models.Cards\Defragment.cs"
"DoubleEnergy","Defect","Skill","Uncommon","1","Self","Exhaust","Exact","High","GainEnergy","supported primitives only","GainEnergy","","","OnPlay;OnUpgrade","Direct mapping to existing extra effects.","C:\Users\Bartek\OneDrive\Skrivebord\STS2 Modding MCP v3.8.0\sts2-modding-mcp\decompiled\MegaCrit.Sts2.Core.Models.Cards\DoubleEnergy.cs"
"Dualcast","Defect","Skill","Basic","1","Self","","Almost","Medium","EvokeOrbs","conditional branch","EvokeOrbs","","","OnPlay;OnUpgrade","Editor has matching primitives; calculated counts/filters/conditions need careful setup.","C:\Users\Bartek\OneDrive\Skrivebord\STS2 Modding MCP v3.8.0\sts2-modding-mcp\decompiled\MegaCrit.Sts2.Core.Models.Cards\Dualcast.cs"
"EchoForm","Defect","Power","Rare","3","Self","Ethereal","Exact","High","ApplyPower; ApplyPower:EchoFormPower","supported primitives only","ApplyPower","EchoFormPower","DynamicVar","OnPlay;OnUpgrade","Direct mapping to existing extra effects.","C:\Users\Bartek\OneDrive\Skrivebord\STS2 Modding MCP v3.8.0\sts2-modding-mcp\decompiled\MegaCrit.Sts2.Core.Models.Cards\EchoForm.cs"
"EnergySurge","Defect","Skill","Uncommon","1","AllAllies","Exhaust","Almost","Medium","GainEnergy","loop/repeat","GainEnergy","","EnergyVar","OnPlay;OnUpgrade","Editor has matching primitives; calculated counts/filters/conditions need careful setup.","C:\Users\Bartek\OneDrive\Skrivebord\STS2 Modding MCP v3.8.0\sts2-modding-mcp\decompiled\MegaCrit.Sts2.Core.Models.Cards\EnergySurge.cs"
"Feral","Defect","Power","Uncommon","2","Self","","Exact","High","ApplyPower; ApplyPower:FeralPower","supported primitives only","ApplyPower","FeralPower","PowerVar","OnPlay;OnUpgrade","Direct mapping to existing extra effects.","C:\Users\Bartek\OneDrive\Skrivebord\STS2 Modding MCP v3.8.0\sts2-modding-mcp\decompiled\MegaCrit.Sts2.Core.Models.Cards\Feral.cs"
"FightThrough","Defect","Skill","Uncommon","1","Self","","Almost","Medium","GainBlock; AddSpecificCardToHand","loop/repeat; specific generated card","GainBlock;AddSpecificCardToHand","","BlockVar","OnPlay;OnUpgrade","Editor has matching primitives; calculated counts/filters/conditions need careful setup.","C:\Users\Bartek\OneDrive\Skrivebord\STS2 Modding MCP v3.8.0\sts2-modding-mcp\decompiled\MegaCrit.Sts2.Core.Models.Cards\FightThrough.cs"
"FlakCannon","Defect","Attack","Rare","2","RandomEnemy","Exhaust","Almost","Medium","DealDamage; ExhaustCards","calculated amount; loop/repeat; randomness","DealDamage;ExhaustCards","","CalculatedVar;CalculationBaseVar;CalculationExtraVar;DamageVar;DynamicVar","OnPlay;OnUpgrade","Editor has matching primitives; calculated counts/filters/conditions need careful setup.","C:\Users\Bartek\OneDrive\Skrivebord\STS2 Modding MCP v3.8.0\sts2-modding-mcp\decompiled\MegaCrit.Sts2.Core.Models.Cards\FlakCannon.cs"
"FocusedStrike","Defect","Attack","Common","1","AnyEnemy","","Exact","High","DealDamage; ApplyPower; ApplyPower:FocusedStrikePower","supported primitives only","DealDamage;ApplyPower","FocusedStrikePower","DamageVar;DynamicVar;PowerVar","OnPlay;OnUpgrade","Direct mapping to existing extra effects.","C:\Users\Bartek\OneDrive\Skrivebord\STS2 Modding MCP v3.8.0\sts2-modding-mcp\decompiled\MegaCrit.Sts2.Core.Models.Cards\FocusedStrike.cs"
"Ftl","Defect","Attack","Uncommon","0","AnyEnemy","","Almost","Medium","DealDamage; DrawCards","conditional branch","DealDamage;DrawCards","","CardsVar;DamageVar;DynamicVar;IntVar","OnPlay;OnUpgrade","Editor has matching primitives; calculated counts/filters/conditions need careful setup.","C:\Users\Bartek\OneDrive\Skrivebord\STS2 Modding MCP v3.8.0\sts2-modding-mcp\decompiled\MegaCrit.Sts2.Core.Models.Cards\Ftl.cs"
"Fusion","Defect","Skill","Uncommon","2","Self","","Exact","High","ChannelPlasma","supported primitives only","ChannelPlasma","","","OnPlay;OnUpgrade","Direct mapping to existing extra effects.","C:\Users\Bartek\OneDrive\Skrivebord\STS2 Modding MCP v3.8.0\sts2-modding-mcp\decompiled\MegaCrit.Sts2.Core.Models.Cards\Fusion.cs"
"GeneticAlgorithm","Defect","Skill","Rare","1","Self","Exhaust","Exact","High","GainBlock; PersistentSelfScaling","","GainBlock","","BlockVar;DynamicVar;IntVar","AfterDowngraded;OnPlay;OnUpgrade","Gain block, then persistently raise this card and deck version BaseBlock by 3/4. PersistentSelfScaling covers the saved card growth.","C:\Users\Bartek\OneDrive\Skrivebord\STS2 Modding MCP v3.8.0\sts2-modding-mcp\decompiled\MegaCrit.Sts2.Core.Models.Cards\GeneticAlgorithm.cs"
"Glacier","Defect","Skill","Uncommon","2","Self","","Almost","Medium","GainBlock; ChannelFrost","loop/repeat","GainBlock;ChannelFrost","","BlockVar","OnPlay;OnUpgrade","Editor has matching primitives; calculated counts/filters/conditions need careful setup.","C:\Users\Bartek\OneDrive\Skrivebord\STS2 Modding MCP v3.8.0\sts2-modding-mcp\decompiled\MegaCrit.Sts2.Core.Models.Cards\Glacier.cs"
"Glasswork","Defect","Skill","Uncommon","1","Self","","Exact","High","GainBlock; ChannelGlass","supported primitives only","GainBlock;ChannelGlass","","BlockVar","OnPlay;OnUpgrade","Direct mapping to existing extra effects.","C:\Users\Bartek\OneDrive\Skrivebord\STS2 Modding MCP v3.8.0\sts2-modding-mcp\decompiled\MegaCrit.Sts2.Core.Models.Cards\Glasswork.cs"
"GoForTheEyes","Defect","Attack","Common","0","AnyEnemy","","Almost","Medium","DealDamage; ApplyWeak","conditional branch","DealDamage;ApplyWeak","WeakPower","DamageVar;DynamicVar;PowerVar","OnPlay;OnUpgrade","Editor has matching primitives; calculated counts/filters/conditions need careful setup.","C:\Users\Bartek\OneDrive\Skrivebord\STS2 Modding MCP v3.8.0\sts2-modding-mcp\decompiled\MegaCrit.Sts2.Core.Models.Cards\GoForTheEyes.cs"
"GunkUp","Defect","Attack","Common","1","AnyEnemy","","Almost","Medium","DealDamage; AddSpecificCardToHand","specific generated card","DealDamage;AddSpecificCardToHand","","DamageVar;DynamicVar;RepeatVar","OnPlay;OnUpgrade","Editor has matching primitives; calculated counts/filters/conditions need careful setup.","C:\Users\Bartek\OneDrive\Skrivebord\STS2 Modding MCP v3.8.0\sts2-modding-mcp\decompiled\MegaCrit.Sts2.Core.Models.Cards\GunkUp.cs"
"Hailstorm","Defect","Power","Uncommon","1","Self","","Exact","High","ApplyPower; ApplyPower:HailstormPower","supported primitives only","ApplyPower","HailstormPower","PowerVar","OnPlay;OnUpgrade","Direct mapping to existing extra effects.","C:\Users\Bartek\OneDrive\Skrivebord\STS2 Modding MCP v3.8.0\sts2-modding-mcp\decompiled\MegaCrit.Sts2.Core.Models.Cards\Hailstorm.cs"
"HelixDrill","Defect","Attack","Rare","0","AnyEnemy","","Almost","Medium","DealDamage","calculated amount","DealDamage","","CalculatedVar;CalculationBaseVar;CalculationExtraVar;DamageVar;DynamicVar","OnPlay;OnUpgrade","Editor has matching primitives; calculated counts/filters/conditions need careful setup.","C:\Users\Bartek\OneDrive\Skrivebord\STS2 Modding MCP v3.8.0\sts2-modding-mcp\decompiled\MegaCrit.Sts2.Core.Models.Cards\HelixDrill.cs"
"Hologram","Defect","Skill","Common","1","Self","Exhaust","Exact","High","GainBlock; MoveCardsBetweenPiles","supported selector/pile operation","GainBlock;MoveCardsBetweenPiles","","BlockVar","OnPlay;OnUpgrade","Direct mapping to existing editor selector and pile operation effects.","C:\Users\Bartek\OneDrive\Skrivebord\STS2 Modding MCP v3.8.0\sts2-modding-mcp\decompiled\MegaCrit.Sts2.Core.Models.Cards\Hologram.cs"
"Hotfix","Defect","Skill","Common","0","Self","Exhaust","Exact","High","ApplyPower; ApplyPower:HotfixPower","supported primitives only","ApplyPower","HotfixPower","PowerVar","OnPlay;OnUpgrade","Direct mapping to existing extra effects.","C:\Users\Bartek\OneDrive\Skrivebord\STS2 Modding MCP v3.8.0\sts2-modding-mcp\decompiled\MegaCrit.Sts2.Core.Models.Cards\Hotfix.cs"
"Hyperbeam","Defect","Attack","Rare","2","AllEnemies","","Almost","Medium","DealDamage; GainFocus","conditional branch; loop/repeat; custom card filter","DealDamage;GainFocus","FocusPower","DamageVar;DynamicVar;PowerVar","OnPlay;OnUpgrade","Editor has matching primitives; calculated counts/filters/conditions need careful setup.","C:\Users\Bartek\OneDrive\Skrivebord\STS2 Modding MCP v3.8.0\sts2-modding-mcp\decompiled\MegaCrit.Sts2.Core.Models.Cards\Hyperbeam.cs"
"IceLance","Defect","Attack","Rare","3","AnyEnemy","","Almost","Medium","DealDamage; ChannelFrost","loop/repeat","DealDamage;ChannelFrost","","DamageVar;DynamicVar;RepeatVar","OnPlay;OnUpgrade","Editor has matching primitives; calculated counts/filters/conditions need careful setup.","C:\Users\Bartek\OneDrive\Skrivebord\STS2 Modding MCP v3.8.0\sts2-modding-mcp\decompiled\MegaCrit.Sts2.Core.Models.Cards\IceLance.cs"
"Ignition","Defect","Skill","Rare","1","AnyAlly","Exhaust","Exact","High","ChannelPlasma","supported primitives only","ChannelPlasma","","","OnPlay;OnUpgrade","Direct mapping to existing extra effects.","C:\Users\Bartek\OneDrive\Skrivebord\STS2 Modding MCP v3.8.0\sts2-modding-mcp\decompiled\MegaCrit.Sts2.Core.Models.Cards\Ignition.cs"
"Iteration","Defect","Power","Uncommon","1","Self","","Exact","High","ApplyPower; ApplyPower:IterationPower","supported primitives only","ApplyPower","IterationPower","PowerVar","OnPlay;OnUpgrade","Direct mapping to existing extra effects.","C:\Users\Bartek\OneDrive\Skrivebord\STS2 Modding MCP v3.8.0\sts2-modding-mcp\decompiled\MegaCrit.Sts2.Core.Models.Cards\Iteration.cs"
"Leap","Defect","Skill","Common","1","Self","","Exact","High","GainBlock","supported primitives only","GainBlock","","BlockVar","OnPlay;OnUpgrade","Direct mapping to existing extra effects.","C:\Users\Bartek\OneDrive\Skrivebord\STS2 Modding MCP v3.8.0\sts2-modding-mcp\decompiled\MegaCrit.Sts2.Core.Models.Cards\Leap.cs"
"LightningRod","Defect","Skill","Common","1","Self","","Exact","High","GainBlock; ApplyPower; ApplyPower:LightningRodPower","supported primitives only","GainBlock;ApplyPower","LightningRodPower","BlockVar;DynamicVar;PowerVar","OnPlay;OnUpgrade","Direct mapping to existing extra effects.","C:\Users\Bartek\OneDrive\Skrivebord\STS2 Modding MCP v3.8.0\sts2-modding-mcp\decompiled\MegaCrit.Sts2.Core.Models.Cards\LightningRod.cs"
"Loop","Defect","Power","Uncommon","1","Self","","Exact","High","ApplyPower; ApplyPower:LoopPower","supported primitives only","ApplyPower","LoopPower","DynamicVar","OnPlay;OnUpgrade","Direct mapping to existing extra effects.","C:\Users\Bartek\OneDrive\Skrivebord\STS2 Modding MCP v3.8.0\sts2-modding-mcp\decompiled\MegaCrit.Sts2.Core.Models.Cards\Loop.cs"
"MachineLearning","Defect","Power","Rare","1","Self","Innate","Exact","High","ApplyPower; ApplyPower:MachineLearningPower","supported primitives only","ApplyPower","MachineLearningPower","CardsVar","OnPlay;OnUpgrade","Direct mapping to existing extra effects.","C:\Users\Bartek\OneDrive\Skrivebord\STS2 Modding MCP v3.8.0\sts2-modding-mcp\decompiled\MegaCrit.Sts2.Core.Models.Cards\MachineLearning.cs"
"MeteorStrike","Defect","Attack","Rare","5","AnyEnemy","","Almost","Medium","DealDamage; ChannelPlasma","conditional branch; loop/repeat","DealDamage;ChannelPlasma","","DamageVar","OnPlay;OnUpgrade","Editor has matching primitives; calculated counts/filters/conditions need careful setup.","C:\Users\Bartek\OneDrive\Skrivebord\STS2 Modding MCP v3.8.0\sts2-modding-mcp\decompiled\MegaCrit.Sts2.Core.Models.Cards\MeteorStrike.cs"
"Modded","Defect","Skill","Rare","0","Self","","Exact","High","DrawCards; GainOrbSlots","supported primitives only","DrawCards;GainOrbSlots","","CardsVar;DynamicVar;RepeatVar","OnPlay;OnUpgrade","Direct mapping to existing extra effects.","C:\Users\Bartek\OneDrive\Skrivebord\STS2 Modding MCP v3.8.0\sts2-modding-mcp\decompiled\MegaCrit.Sts2.Core.Models.Cards\Modded.cs"
"MomentumStrike","Defect","Attack","Common","1","AnyEnemy","","Exact","High","DealDamage","supported primitives only","DealDamage","","DamageVar","OnPlay;OnUpgrade","Direct mapping to existing extra effects.","C:\Users\Bartek\OneDrive\Skrivebord\STS2 Modding MCP v3.8.0\sts2-modding-mcp\decompiled\MegaCrit.Sts2.Core.Models.Cards\MomentumStrike.cs"
"MultiCast","Defect","Skill","Rare","0","Self","","Almost","Medium","EvokeOrbs","conditional branch; loop/repeat","EvokeOrbs","","","OnPlay","Editor has matching primitives; calculated counts/filters/conditions need careful setup.","C:\Users\Bartek\OneDrive\Skrivebord\STS2 Modding MCP v3.8.0\sts2-modding-mcp\decompiled\MegaCrit.Sts2.Core.Models.Cards\MultiCast.cs"
"Null","Defect","Attack","Uncommon","2","AnyEnemy","","Exact","High","DealDamage; ChannelDark; ApplyWeak","supported primitives only","DealDamage;ChannelDark;ApplyWeak","WeakPower","DamageVar;DynamicVar;PowerVar","OnPlay;OnUpgrade","Direct mapping to existing extra effects.","C:\Users\Bartek\OneDrive\Skrivebord\STS2 Modding MCP v3.8.0\sts2-modding-mcp\decompiled\MegaCrit.Sts2.Core.Models.Cards\Null.cs"
"Overclock","Defect","Skill","Uncommon","0","Self","","Almost","Medium","DrawCards; AddSpecificCardToHand","specific generated card","DrawCards;AddSpecificCardToHand","","CardsVar","OnPlay;OnUpgrade","Editor has matching primitives; calculated counts/filters/conditions need careful setup.","C:\Users\Bartek\OneDrive\Skrivebord\STS2 Modding MCP v3.8.0\sts2-modding-mcp\decompiled\MegaCrit.Sts2.Core.Models.Cards\Overclock.cs"
"Quadcast","Defect","Skill","Ancient","1","Self","","Almost","Medium","EvokeOrbs","conditional branch; loop/repeat","EvokeOrbs","","RepeatVar","OnPlay;OnUpgrade","Editor has matching primitives; calculated counts/filters/conditions need careful setup.","C:\Users\Bartek\OneDrive\Skrivebord\STS2 Modding MCP v3.8.0\sts2-modding-mcp\decompiled\MegaCrit.Sts2.Core.Models.Cards\Quadcast.cs"
"Rainbow","Defect","Skill","Rare","2","Self","Exhaust","Exact","High","ChannelLightning; ChannelFrost; ChannelDark","supported primitives only","ChannelLightning;ChannelFrost;ChannelDark","","","OnPlay;OnUpgrade","Direct mapping to existing extra effects.","C:\Users\Bartek\OneDrive\Skrivebord\STS2 Modding MCP v3.8.0\sts2-modding-mcp\decompiled\MegaCrit.Sts2.Core.Models.Cards\Rainbow.cs"
"Reboot","Defect","Skill","Rare","0","Self","Exhaust","Almost","Medium","DrawCards; MoveCardsBetweenPiles; ShuffleDrawPile","loop/repeat; pile scan","DrawCards;MoveCardsBetweenPiles;ShuffleDrawPile","","CardsVar","OnPlay;OnUpgrade","Editor has matching primitives; calculated counts/filters/conditions need careful setup.","C:\Users\Bartek\OneDrive\Skrivebord\STS2 Modding MCP v3.8.0\sts2-modding-mcp\decompiled\MegaCrit.Sts2.Core.Models.Cards\Reboot.cs"
"Refract","Defect","Attack","Uncommon","3","AnyEnemy","","Almost","Medium","DealDamage; ChannelGlass","loop/repeat","DealDamage;ChannelGlass","","DamageVar;DynamicVar;RepeatVar","OnPlay;OnUpgrade","Editor has matching primitives; calculated counts/filters/conditions need careful setup.","C:\Users\Bartek\OneDrive\Skrivebord\STS2 Modding MCP v3.8.0\sts2-modding-mcp\decompiled\MegaCrit.Sts2.Core.Models.Cards\Refract.cs"
"RocketPunch","Defect","Attack","Uncommon","2","AnyEnemy","","Almost","Medium","DealDamage; DrawCards","conditional branch","DealDamage;DrawCards","","CardsVar;DamageVar;DynamicVar","AfterCardGeneratedForCombat;OnPlay;OnUpgrade","Editor has matching primitives; calculated counts/filters/conditions need careful setup.","C:\Users\Bartek\OneDrive\Skrivebord\STS2 Modding MCP v3.8.0\sts2-modding-mcp\decompiled\MegaCrit.Sts2.Core.Models.Cards\RocketPunch.cs"
"Scavenge","Defect","Skill","Uncommon","1","Self","Exhaust","Exact","High","ExhaustCards; ApplyPower; ApplyPower:EnergyNextTurnPower","supported selector/pile operation","ExhaustCards;ApplyPower","EnergyNextTurnPower","EnergyVar","OnPlay;OnUpgrade","Direct mapping to existing editor selector and pile operation effects.","C:\Users\Bartek\OneDrive\Skrivebord\STS2 Modding MCP v3.8.0\sts2-modding-mcp\decompiled\MegaCrit.Sts2.Core.Models.Cards\Scavenge.cs"
"Scrape","Defect","Attack","Uncommon","1","AnyEnemy","","Almost","Medium","DealDamage; DrawCards; DiscardCards","custom card filter","DealDamage;DrawCards;DiscardCards","","CardsVar;DamageVar;DynamicVar","OnPlay;OnUpgrade","Editor has matching primitives; calculated counts/filters/conditions need careful setup.","C:\Users\Bartek\OneDrive\Skrivebord\STS2 Modding MCP v3.8.0\sts2-modding-mcp\decompiled\MegaCrit.Sts2.Core.Models.Cards\Scrape.cs"
"ShadowShield","Defect","Skill","Uncommon","2","Self","","Exact","High","GainBlock; ChannelDark","supported primitives only","GainBlock;ChannelDark","","BlockVar","OnPlay;OnUpgrade","Direct mapping to existing extra effects.","C:\Users\Bartek\OneDrive\Skrivebord\STS2 Modding MCP v3.8.0\sts2-modding-mcp\decompiled\MegaCrit.Sts2.Core.Models.Cards\ShadowShield.cs"
"Shatter","Defect","Attack","Rare","1","AllEnemies","","Almost","Medium","DealDamage; EvokeOrbs","loop/repeat","DealDamage;EvokeOrbs","","DamageVar","OnPlay;OnUpgrade","Editor has matching primitives; calculated counts/filters/conditions need careful setup.","C:\Users\Bartek\OneDrive\Skrivebord\STS2 Modding MCP v3.8.0\sts2-modding-mcp\decompiled\MegaCrit.Sts2.Core.Models.Cards\Shatter.cs"
"SignalBoost","Defect","Skill","Rare","1","Self","Exhaust","Exact","High","ApplyPower; ApplyPower:SignalBoostPower","supported primitives only","ApplyPower","SignalBoostPower","PowerVar","OnPlay;OnUpgrade","Direct mapping to existing extra effects.","C:\Users\Bartek\OneDrive\Skrivebord\STS2 Modding MCP v3.8.0\sts2-modding-mcp\decompiled\MegaCrit.Sts2.Core.Models.Cards\SignalBoost.cs"
"Skim","Defect","Skill","Uncommon","1","Self","","Exact","High","DrawCards","supported primitives only","DrawCards","","CardsVar","OnPlay;OnUpgrade","Direct mapping to existing extra effects.","C:\Users\Bartek\OneDrive\Skrivebord\STS2 Modding MCP v3.8.0\sts2-modding-mcp\decompiled\MegaCrit.Sts2.Core.Models.Cards\Skim.cs"
"Smokestack","Defect","Power","Uncommon","1","Self","","Exact","High","ApplyPower; ApplyPower:SmokestackPower","supported primitives only","ApplyPower","SmokestackPower","PowerVar","OnPlay;OnUpgrade","Direct mapping to existing extra effects.","C:\Users\Bartek\OneDrive\Skrivebord\STS2 Modding MCP v3.8.0\sts2-modding-mcp\decompiled\MegaCrit.Sts2.Core.Models.Cards\Smokestack.cs"
"Spinner","Defect","Power","Rare","1","Self","","Almost","Medium","ChannelGlass; ApplyPower; ApplyPower:SpinnerPower","conditional branch","ChannelGlass;ApplyPower","SpinnerPower","PowerVar","OnPlay","Editor has matching primitives; calculated counts/filters/conditions need careful setup.","C:\Users\Bartek\OneDrive\Skrivebord\STS2 Modding MCP v3.8.0\sts2-modding-mcp\decompiled\MegaCrit.Sts2.Core.Models.Cards\Spinner.cs"
"Storm","Defect","Power","Uncommon","1","Self","","Exact","High","ApplyPower; ApplyPower:StormPower","supported primitives only","ApplyPower","StormPower","PowerVar","OnPlay;OnUpgrade","Direct mapping to existing extra effects.","C:\Users\Bartek\OneDrive\Skrivebord\STS2 Modding MCP v3.8.0\sts2-modding-mcp\decompiled\MegaCrit.Sts2.Core.Models.Cards\Storm.cs"
"StrikeDefect","Defect","Attack","Basic","1","AnyEnemy","","Exact","High","DealDamage","supported primitives only","DealDamage","","DamageVar","OnPlay;OnUpgrade","Direct mapping to existing extra effects.","C:\Users\Bartek\OneDrive\Skrivebord\STS2 Modding MCP v3.8.0\sts2-modding-mcp\decompiled\MegaCrit.Sts2.Core.Models.Cards\StrikeDefect.cs"
"Subroutine","Defect","Power","Uncommon","1","Self","","Exact","High","ApplyPower; ApplyPower:SubroutinePower","supported primitives only","ApplyPower","SubroutinePower","","OnPlay;OnUpgrade","Direct mapping to existing extra effects.","C:\Users\Bartek\OneDrive\Skrivebord\STS2 Modding MCP v3.8.0\sts2-modding-mcp\decompiled\MegaCrit.Sts2.Core.Models.Cards\Subroutine.cs"
"Sunder","Defect","Attack","Uncommon","3","AnyEnemy","","Almost","Medium","DealDamage; GainEnergy","conditional branch","DealDamage;GainEnergy","","DamageVar;DynamicVar;EnergyVar","OnPlay;OnUpgrade","Editor has matching primitives; calculated counts/filters/conditions need careful setup.","C:\Users\Bartek\OneDrive\Skrivebord\STS2 Modding MCP v3.8.0\sts2-modding-mcp\decompiled\MegaCrit.Sts2.Core.Models.Cards\Sunder.cs"
"Supercritical","Defect","Skill","Rare","0","Self","Exhaust","Exact","High","GainEnergy","supported primitives only","GainEnergy","","EnergyVar","OnPlay;OnUpgrade","Direct mapping to existing extra effects.","C:\Users\Bartek\OneDrive\Skrivebord\STS2 Modding MCP v3.8.0\sts2-modding-mcp\decompiled\MegaCrit.Sts2.Core.Models.Cards\Supercritical.cs"
"SweepingBeam","Defect","Attack","Common","1","AllEnemies","","Almost","Medium","DealDamage; DrawCards","conditional branch","DealDamage;DrawCards","","CardsVar;DamageVar;DynamicVar","OnPlay;OnUpgrade","Editor has matching primitives; calculated counts/filters/conditions need careful setup.","C:\Users\Bartek\OneDrive\Skrivebord\STS2 Modding MCP v3.8.0\sts2-modding-mcp\decompiled\MegaCrit.Sts2.Core.Models.Cards\SweepingBeam.cs"
"Synchronize","Defect","Skill","Uncommon","1","Self","Exhaust","Almost","Medium","ApplyPower; ApplyPower:SynchronizePower","calculated amount","ApplyPower","SynchronizePower","CalculatedVar;CalculationBaseVar;CalculationExtraVar;DynamicVar","OnPlay;OnUpgrade","Editor has matching primitives; calculated counts/filters/conditions need careful setup.","C:\Users\Bartek\OneDrive\Skrivebord\STS2 Modding MCP v3.8.0\sts2-modding-mcp\decompiled\MegaCrit.Sts2.Core.Models.Cards\Synchronize.cs"
"Synthesis","Defect","Attack","Uncommon","2","AnyEnemy","","Exact","High","DealDamage; ApplyPower; ApplyPower:FreePowerPower","supported primitives only","DealDamage;ApplyPower","FreePowerPower","DamageVar","OnPlay;OnUpgrade","Direct mapping to existing extra effects.","C:\Users\Bartek\OneDrive\Skrivebord\STS2 Modding MCP v3.8.0\sts2-modding-mcp\decompiled\MegaCrit.Sts2.Core.Models.Cards\Synthesis.cs"
"Tempest","Defect","Skill","Uncommon","0","Self","","Almost","Medium","ChannelLightning","conditional branch; loop/repeat","ChannelLightning","","","OnPlay","Editor has matching primitives; calculated counts/filters/conditions need careful setup.","C:\Users\Bartek\OneDrive\Skrivebord\STS2 Modding MCP v3.8.0\sts2-modding-mcp\decompiled\MegaCrit.Sts2.Core.Models.Cards\Tempest.cs"
"TeslaCoil","Defect","Attack","Uncommon","0","AnyEnemy","","Almost","Medium","DealDamage","loop/repeat","DealDamage","","DamageVar","OnPlay;OnUpgrade","Editor has matching primitives; calculated counts/filters/conditions need careful setup.","C:\Users\Bartek\OneDrive\Skrivebord\STS2 Modding MCP v3.8.0\sts2-modding-mcp\decompiled\MegaCrit.Sts2.Core.Models.Cards\TeslaCoil.cs"
"Thunder","Defect","Power","Uncommon","1","Self","","Exact","High","ApplyPower; ApplyPower:ThunderPower","supported primitives only","ApplyPower","ThunderPower","PowerVar","OnPlay;OnUpgrade","Direct mapping to existing extra effects.","C:\Users\Bartek\OneDrive\Skrivebord\STS2 Modding MCP v3.8.0\sts2-modding-mcp\decompiled\MegaCrit.Sts2.Core.Models.Cards\Thunder.cs"
"TrashToTreasure","Defect","Power","Rare","1","Self","Innate","Exact","High","ApplyPower; ApplyPower:TrashToTreasurePower","supported primitives only","ApplyPower","TrashToTreasurePower","","OnPlay;OnUpgrade","Direct mapping to existing extra effects.","C:\Users\Bartek\OneDrive\Skrivebord\STS2 Modding MCP v3.8.0\sts2-modding-mcp\decompiled\MegaCrit.Sts2.Core.Models.Cards\TrashToTreasure.cs"
"Turbo","Defect","Skill","Common","0","Self","","Almost","Medium","GainEnergy; AddSpecificCardToHand","specific generated card","GainEnergy;AddSpecificCardToHand","","EnergyVar","OnPlay;OnUpgrade","Editor has matching primitives; calculated counts/filters/conditions need careful setup.","C:\Users\Bartek\OneDrive\Skrivebord\STS2 Modding MCP v3.8.0\sts2-modding-mcp\decompiled\MegaCrit.Sts2.Core.Models.Cards\Turbo.cs"
"Uproar","Defect","Attack","Common","2","AnyEnemy","Unplayable","Almost","Medium","DealDamage; ShuffleDrawPile","conditional branch; randomness; custom card filter; pile scan","DealDamage;ShuffleDrawPile","","DamageVar","OnPlay;OnUpgrade","Editor has matching primitives; calculated counts/filters/conditions need careful setup.","C:\Users\Bartek\OneDrive\Skrivebord\STS2 Modding MCP v3.8.0\sts2-modding-mcp\decompiled\MegaCrit.Sts2.Core.Models.Cards\Uproar.cs"
"Voltaic","Defect","Skill","Rare","3","Self","Exhaust","Almost","Medium","ChannelLightning","calculated amount; loop/repeat","ChannelLightning","","CalculatedVar;CalculationBaseVar;CalculationExtraVar;DynamicVar","OnPlay;OnUpgrade","Editor has matching primitives; calculated counts/filters/conditions need careful setup.","C:\Users\Bartek\OneDrive\Skrivebord\STS2 Modding MCP v3.8.0\sts2-modding-mcp\decompiled\MegaCrit.Sts2.Core.Models.Cards\Voltaic.cs"
"WhiteNoise","Defect","Skill","Uncommon","1","Self","Exhaust","Exact","High","AddRandomCardToHand; CreatedCardsCostLess","","AddSpecificCardToHand","","","OnPlay;OnUpgrade","Random current-color Power to hand and free this turn. Amount is 1, so distinct-vs-random does not change behavior.","C:\Users\Bartek\OneDrive\Skrivebord\STS2 Modding MCP v3.8.0\sts2-modding-mcp\decompiled\MegaCrit.Sts2.Core.Models.Cards\WhiteNoise.cs"
"Zap","Defect","Skill","Basic","1","Self","","Exact","High","ChannelLightning","supported primitives only","ChannelLightning","","","OnPlay;OnUpgrade","Direct mapping to existing extra effects.","C:\Users\Bartek\OneDrive\Skrivebord\STS2 Modding MCP v3.8.0\sts2-modding-mcp\decompiled\MegaCrit.Sts2.Core.Models.Cards\Zap.cs"
"Alignment","Regent","Skill","Uncommon","0","Self","","Exact","High","GainEnergy","supported primitives only","GainEnergy","","EnergyVar","OnPlay;OnUpgrade","Direct mapping to existing extra effects.","C:\Users\Bartek\OneDrive\Skrivebord\STS2 Modding MCP v3.8.0\sts2-modding-mcp\decompiled\MegaCrit.Sts2.Core.Models.Cards\Alignment.cs"
"Arsenal","Regent","Power","Rare","1","Self","Innate","Exact","High","ApplyPower; ApplyPower:ArsenalPower","supported primitives only","ApplyPower","ArsenalPower","PowerVar","OnPlay;OnUpgrade","Direct mapping to existing extra effects.","C:\Users\Bartek\OneDrive\Skrivebord\STS2 Modding MCP v3.8.0\sts2-modding-mcp\decompiled\MegaCrit.Sts2.Core.Models.Cards\Arsenal.cs"
"AstralPulse","Regent","Attack","Common","0","AllEnemies","","Exact","High","DealDamage","supported primitives only","DealDamage","","DamageVar","OnPlay;OnUpgrade","Direct mapping to existing extra effects.","C:\Users\Bartek\OneDrive\Skrivebord\STS2 Modding MCP v3.8.0\sts2-modding-mcp\decompiled\MegaCrit.Sts2.Core.Models.Cards\AstralPulse.cs"
"BeatIntoShape","Regent","Attack","Rare","1","AnyEnemy","","Almost","Medium","DealDamage; Forge","calculated amount","DealDamage;Forge","","CalculatedVar;CalculationBaseVar;CalculationExtraVar;DamageVar;DynamicVar","OnPlay;OnUpgrade","Editor has matching primitives; calculated counts/filters/conditions need careful setup.","C:\Users\Bartek\OneDrive\Skrivebord\STS2 Modding MCP v3.8.0\sts2-modding-mcp\decompiled\MegaCrit.Sts2.Core.Models.Cards\BeatIntoShape.cs"
"Begone","Regent","Skill","Common","1","Self","","Exact","High","TransformCards","","AddSpecificCardToHand;TransformCards;UpgradeCardsInPile","","","OnPlay","Choose a hand card and transform it into Minion Strike; upgraded replacement is supported by specific-card transform upgrade mode.","C:\Users\Bartek\OneDrive\Skrivebord\STS2 Modding MCP v3.8.0\sts2-modding-mcp\decompiled\MegaCrit.Sts2.Core.Models.Cards\Begone.cs"
"BigBang","Regent","Skill","Rare","0","Self","Exhaust;Innate","Exact","High","DrawCards; GainEnergy; GainStars; Forge","supported primitives only","DrawCards;GainEnergy;GainStars;Forge","","CardsVar;DynamicVar;EnergyVar;ForgeVar;StarsVar","OnPlay;OnUpgrade","Direct mapping to existing extra effects.","C:\Users\Bartek\OneDrive\Skrivebord\STS2 Modding MCP v3.8.0\sts2-modding-mcp\decompiled\MegaCrit.Sts2.Core.Models.Cards\BigBang.cs"
"BlackHole","Regent","Power","Uncommon","1","Self","","Exact","High","ApplyPower; ApplyPower:BlackHolePower","supported primitives only","ApplyPower","BlackHolePower","PowerVar","OnPlay;OnUpgrade","Direct mapping to existing extra effects.","C:\Users\Bartek\OneDrive\Skrivebord\STS2 Modding MCP v3.8.0\sts2-modding-mcp\decompiled\MegaCrit.Sts2.Core.Models.Cards\BlackHole.cs"
"Bombardment","Regent","Attack","Rare","3","AnyEnemy","Exhaust","Almost","Medium","DealDamage","conditional branch","DealDamage","","DamageVar","BeforeHandDraw;OnPlay;OnUpgrade","Editor has matching primitives; calculated counts/filters/conditions need careful setup.","C:\Users\Bartek\OneDrive\Skrivebord\STS2 Modding MCP v3.8.0\sts2-modding-mcp\decompiled\MegaCrit.Sts2.Core.Models.Cards\Bombardment.cs"
"Bulwark","Regent","Skill","Uncommon","2","Self","","Exact","High","GainBlock; Forge","supported primitives only","GainBlock;Forge","","BlockVar;DynamicVar;ForgeVar","OnPlay;OnUpgrade","Direct mapping to existing extra effects.","C:\Users\Bartek\OneDrive\Skrivebord\STS2 Modding MCP v3.8.0\sts2-modding-mcp\decompiled\MegaCrit.Sts2.Core.Models.Cards\Bulwark.cs"
"BundleOfJoy","Regent","Skill","Rare","1","Self","Exhaust","Almost","High","AddRandomCardToHand","distinct random","AddSpecificCardToHand","","CardsVar","OnPlay;OnUpgrade","Buildable as add 3/4 random Colorless cards, but current AddRandomCardToHand may duplicate cards while vanilla uses distinct generated cards.","C:\Users\Bartek\OneDrive\Skrivebord\STS2 Modding MCP v3.8.0\sts2-modding-mcp\decompiled\MegaCrit.Sts2.Core.Models.Cards\BundleOfJoy.cs"
"CelestialMight","Regent","Attack","Common","2","AnyEnemy","","Exact","High","DealDamage","supported primitives only","DealDamage","","DamageVar;DynamicVar;RepeatVar","OnPlay;OnUpgrade","Direct mapping to existing extra effects.","C:\Users\Bartek\OneDrive\Skrivebord\STS2 Modding MCP v3.8.0\sts2-modding-mcp\decompiled\MegaCrit.Sts2.Core.Models.Cards\CelestialMight.cs"
"Charge","Regent","Skill","Uncommon","1","Self","","Exact","High","TransformCards","","TransformCards;UpgradeCardsInPile","","CardsVar","OnPlay","Choose two draw-pile cards and transform them into Minion Dive Bomb; upgraded replacement is supported.","C:\Users\Bartek\OneDrive\Skrivebord\STS2 Modding MCP v3.8.0\sts2-modding-mcp\decompiled\MegaCrit.Sts2.Core.Models.Cards\Charge.cs"
"ChildOfTheStars","Regent","Power","Uncommon","1","Self","","Exact","High","ApplyPower; ApplyPower:ChildOfTheStarsPower","supported primitives only","ApplyPower","ChildOfTheStarsPower","DynamicVar","OnPlay;OnUpgrade","Direct mapping to existing extra effects.","C:\Users\Bartek\OneDrive\Skrivebord\STS2 Modding MCP v3.8.0\sts2-modding-mcp\decompiled\MegaCrit.Sts2.Core.Models.Cards\ChildOfTheStars.cs"
"CloakOfStars","Regent","Skill","Common","0","Self","","Exact","High","GainBlock","supported primitives only","GainBlock","","BlockVar","OnPlay;OnUpgrade","Direct mapping to existing extra effects.","C:\Users\Bartek\OneDrive\Skrivebord\STS2 Modding MCP v3.8.0\sts2-modding-mcp\decompiled\MegaCrit.Sts2.Core.Models.Cards\CloakOfStars.cs"
"CollisionCourse","Regent","Attack","Common","0","AnyEnemy","","Almost","Medium","DealDamage; AddSpecificCardToHand","specific generated card","DealDamage;AddSpecificCardToHand","","DamageVar","OnPlay;OnUpgrade","Editor has matching primitives; calculated counts/filters/conditions need careful setup.","C:\Users\Bartek\OneDrive\Skrivebord\STS2 Modding MCP v3.8.0\sts2-modding-mcp\decompiled\MegaCrit.Sts2.Core.Models.Cards\CollisionCourse.cs"
"Comet","Regent","Attack","Rare","0","AnyEnemy","","Almost","Medium","DealDamage; ApplyVulnerable; ApplyWeak","conditional branch","DealDamage;ApplyVulnerable;ApplyWeak","VulnerablePower;WeakPower","DamageVar;DynamicVar;PowerVar","OnPlay;OnUpgrade","Editor has matching primitives; calculated counts/filters/conditions need careful setup.","C:\Users\Bartek\OneDrive\Skrivebord\STS2 Modding MCP v3.8.0\sts2-modding-mcp\decompiled\MegaCrit.Sts2.Core.Models.Cards\Comet.cs"
"Conqueror","Regent","Skill","Uncommon","1","AnyEnemy","","Exact","High","Forge; ApplyPower; ApplyPower:ConquerorPower","supported primitives only","Forge;ApplyPower","ConquerorPower","ForgeVar","OnPlay;OnUpgrade","Direct mapping to existing extra effects.","C:\Users\Bartek\OneDrive\Skrivebord\STS2 Modding MCP v3.8.0\sts2-modding-mcp\decompiled\MegaCrit.Sts2.Core.Models.Cards\Conqueror.cs"
"Convergence","Regent","Skill","Uncommon","1","Self","Retain","Exact","High","ApplyPower; ApplyPower:EnergyNextTurnPower; ApplyPower:RetainHandPower; ApplyPower:StarNextTurnPower","supported primitives only","ApplyPower","EnergyNextTurnPower;RetainHandPower;StarNextTurnPower","DynamicVar;EnergyVar;StarsVar","OnPlay;OnUpgrade","Direct mapping to existing extra effects.","C:\Users\Bartek\OneDrive\Skrivebord\STS2 Modding MCP v3.8.0\sts2-modding-mcp\decompiled\MegaCrit.Sts2.Core.Models.Cards\Convergence.cs"
"CosmicIndifference","Regent","Skill","Common","1","Self","","Exact","High","GainBlock; MoveCardsBetweenPiles","","GainBlock;MoveCardsBetweenPiles","","BlockVar","OnPlay;OnUpgrade","Gain block, choose one discard card, move it to the top of draw pile.","C:\Users\Bartek\OneDrive\Skrivebord\STS2 Modding MCP v3.8.0\sts2-modding-mcp\decompiled\MegaCrit.Sts2.Core.Models.Cards\CosmicIndifference.cs"
"CrashLanding","Regent","Attack","Rare","1","AllEnemies","","Almost","Medium","DealDamage; AddSpecificCardToHand","loop/repeat; specific generated card","DealDamage;AddSpecificCardToHand","","DamageVar","OnPlay;OnUpgrade","Editor has matching primitives; calculated counts/filters/conditions need careful setup.","C:\Users\Bartek\OneDrive\Skrivebord\STS2 Modding MCP v3.8.0\sts2-modding-mcp\decompiled\MegaCrit.Sts2.Core.Models.Cards\CrashLanding.cs"
"CrescentSpear","Regent","Attack","Common","1","AnyEnemy","","Exact","High","DealDamage","supported primitives only","DealDamage","","CalculatedDamageVar;CalculationBaseVar;DynamicVar;ExtraDamageVar","OnPlay;OnUpgrade","Direct mapping to existing extra effects.","C:\Users\Bartek\OneDrive\Skrivebord\STS2 Modding MCP v3.8.0\sts2-modding-mcp\decompiled\MegaCrit.Sts2.Core.Models.Cards\CrescentSpear.cs"
"CrushUnder","Regent","Attack","Common","1","AllEnemies","","Almost","Medium","DealDamage; ApplyPower; ApplyPower:CrushUnderPower","loop/repeat","DealDamage;ApplyPower","CrushUnderPower","DamageVar;DynamicVar","OnPlay;OnUpgrade","Editor has matching primitives; calculated counts/filters/conditions need careful setup.","C:\Users\Bartek\OneDrive\Skrivebord\STS2 Modding MCP v3.8.0\sts2-modding-mcp\decompiled\MegaCrit.Sts2.Core.Models.Cards\CrushUnder.cs"
"DecisionsDecisions","Regent","Skill","Rare","0","Self","Exhaust;Unplayable","Partial","High","DrawCards; PlayCardFromPile","repeat same selected card","DrawCards","","CardsVar;DynamicVar;RepeatVar","OnPlay;OnUpgrade","Draw is supported, but then vanilla chooses one playable Skill and auto-plays that same selected card three times.","C:\Users\Bartek\OneDrive\Skrivebord\STS2 Modding MCP v3.8.0\sts2-modding-mcp\decompiled\MegaCrit.Sts2.Core.Models.Cards\DecisionsDecisions.cs"
"DefendRegent","Regent","Skill","Basic","1","Self","","Exact","High","GainBlock","supported primitives only","GainBlock","","BlockVar","OnPlay;OnUpgrade","Direct mapping to existing extra effects.","C:\Users\Bartek\OneDrive\Skrivebord\STS2 Modding MCP v3.8.0\sts2-modding-mcp\decompiled\MegaCrit.Sts2.Core.Models.Cards\DefendRegent.cs"
"Devastate","Regent","Attack","Uncommon","1","AnyEnemy","","Exact","High","DealDamage","supported primitives only","DealDamage","","DamageVar","OnPlay;OnUpgrade","Direct mapping to existing extra effects.","C:\Users\Bartek\OneDrive\Skrivebord\STS2 Modding MCP v3.8.0\sts2-modding-mcp\decompiled\MegaCrit.Sts2.Core.Models.Cards\Devastate.cs"
"DyingStar","Regent","Attack","Rare","1","AllEnemies","Ethereal","Almost","Medium","DealDamage; ApplyPower; ApplyPower:DyingStarPower","loop/repeat","DealDamage;ApplyPower","DyingStarPower","DamageVar;DynamicVar","OnPlay;OnUpgrade","Editor has matching primitives; calculated counts/filters/conditions need careful setup.","C:\Users\Bartek\OneDrive\Skrivebord\STS2 Modding MCP v3.8.0\sts2-modding-mcp\decompiled\MegaCrit.Sts2.Core.Models.Cards\DyingStar.cs"
"FallingStar","Regent","Attack","Basic","0","AnyEnemy","","Exact","High","DealDamage; ApplyVulnerable; ApplyWeak","supported primitives only","DealDamage;ApplyVulnerable;ApplyWeak","VulnerablePower;WeakPower","DamageVar;DynamicVar;PowerVar","OnPlay;OnUpgrade","Direct mapping to existing extra effects.","C:\Users\Bartek\OneDrive\Skrivebord\STS2 Modding MCP v3.8.0\sts2-modding-mcp\decompiled\MegaCrit.Sts2.Core.Models.Cards\FallingStar.cs"
"ForegoneConclusion","Regent","Skill","Rare","1","Self","","Exact","High","ApplyPower; ApplyPower:ForegoneConclusionPower","supported primitives only","ApplyPower","ForegoneConclusionPower","CardsVar","OnPlay;OnUpgrade","Direct mapping to existing extra effects.","C:\Users\Bartek\OneDrive\Skrivebord\STS2 Modding MCP v3.8.0\sts2-modding-mcp\decompiled\MegaCrit.Sts2.Core.Models.Cards\ForegoneConclusion.cs"
"Furnace","Regent","Power","Uncommon","1","Self","","Exact","High","ApplyPower; ApplyPower:FurnacePower","supported primitives only","ApplyPower","FurnacePower","ForgeVar","OnPlay;OnUpgrade","Direct mapping to existing extra effects.","C:\Users\Bartek\OneDrive\Skrivebord\STS2 Modding MCP v3.8.0\sts2-modding-mcp\decompiled\MegaCrit.Sts2.Core.Models.Cards\Furnace.cs"
"GammaBlast","Regent","Attack","Uncommon","0","AnyEnemy","","Exact","High","DealDamage; ApplyVulnerable; ApplyWeak","supported primitives only","DealDamage;ApplyVulnerable;ApplyWeak","VulnerablePower;WeakPower","DamageVar;DynamicVar;PowerVar","OnPlay;OnUpgrade","Direct mapping to existing extra effects.","C:\Users\Bartek\OneDrive\Skrivebord\STS2 Modding MCP v3.8.0\sts2-modding-mcp\decompiled\MegaCrit.Sts2.Core.Models.Cards\GammaBlast.cs"
"GatherLight","Regent","Skill","Common","1","Self","","Exact","High","GainBlock; GainStars","supported primitives only","GainBlock;GainStars","","BlockVar;DynamicVar;StarsVar","OnPlay;OnUpgrade","Direct mapping to existing extra effects.","C:\Users\Bartek\OneDrive\Skrivebord\STS2 Modding MCP v3.8.0\sts2-modding-mcp\decompiled\MegaCrit.Sts2.Core.Models.Cards\GatherLight.cs"
"Genesis","Regent","Power","Rare","2","Self","","Exact","High","ApplyPower; ApplyPower:GenesisPower","supported primitives only","ApplyPower","GenesisPower","DynamicVar","OnPlay;OnUpgrade","Direct mapping to existing extra effects.","C:\Users\Bartek\OneDrive\Skrivebord\STS2 Modding MCP v3.8.0\sts2-modding-mcp\decompiled\MegaCrit.Sts2.Core.Models.Cards\Genesis.cs"
"Glimmer","Regent","Skill","Uncommon","1","Self","","Exact","High","DrawCards; MoveCardsBetweenPiles","","DrawCards;MoveCardsBetweenPiles","","CardsVar;DynamicVar","OnPlay;OnUpgrade","Draw 3/4, then choose one hand card and put it on top of draw pile.","C:\Users\Bartek\OneDrive\Skrivebord\STS2 Modding MCP v3.8.0\sts2-modding-mcp\decompiled\MegaCrit.Sts2.Core.Models.Cards\Glimmer.cs"
"Glitterstream","Regent","Skill","Common","2","Self","","Exact","High","GainBlock; ApplyPower; ApplyPower:BlockNextTurnPower","supported primitives only","GainBlock;ApplyPower","BlockNextTurnPower","BlockVar;DynamicVar","OnPlay;OnUpgrade","Direct mapping to existing extra effects.","C:\Users\Bartek\OneDrive\Skrivebord\STS2 Modding MCP v3.8.0\sts2-modding-mcp\decompiled\MegaCrit.Sts2.Core.Models.Cards\Glitterstream.cs"
"Glow","Regent","Skill","Common","1","Self","","Exact","High","DrawCards; GainStars; ApplyPower; ApplyPower:DrawCardsNextTurnPower","supported primitives only","DrawCards;GainStars;ApplyPower","DrawCardsNextTurnPower","CardsVar;DynamicVar;StarsVar","OnPlay;OnUpgrade","Direct mapping to existing extra effects.","C:\Users\Bartek\OneDrive\Skrivebord\STS2 Modding MCP v3.8.0\sts2-modding-mcp\decompiled\MegaCrit.Sts2.Core.Models.Cards\Glow.cs"
"Guards","Regent","Skill","Rare","2","Self","Exhaust","Exact","High","TransformCards","","AddSpecificCardToHand;TransformCards;UpgradeCardsInPile","","","OnPlay","Choose up to all hand cards and transform each into Minion Sacrifice; upgraded replacement is supported.","C:\Users\Bartek\OneDrive\Skrivebord\STS2 Modding MCP v3.8.0\sts2-modding-mcp\decompiled\MegaCrit.Sts2.Core.Models.Cards\Guards.cs"
"GuidingStar","Regent","Attack","Common","1","AnyEnemy","","Almost","Medium","DealDamage; DrawCards","conditional branch","DealDamage;DrawCards","","CardsVar;DamageVar;DynamicVar","OnPlay;OnUpgrade","Editor has matching primitives; calculated counts/filters/conditions need careful setup.","C:\Users\Bartek\OneDrive\Skrivebord\STS2 Modding MCP v3.8.0\sts2-modding-mcp\decompiled\MegaCrit.Sts2.Core.Models.Cards\GuidingStar.cs"
"HammerTime","Regent","Power","Rare","2","Self","","Exact","High","ApplyPower; ApplyPower:HammerTimePower","supported primitives only","ApplyPower","HammerTimePower","","OnPlay;OnUpgrade","Direct mapping to existing extra effects.","C:\Users\Bartek\OneDrive\Skrivebord\STS2 Modding MCP v3.8.0\sts2-modding-mcp\decompiled\MegaCrit.Sts2.Core.Models.Cards\HammerTime.cs"
"HeavenlyDrill","Regent","Attack","Rare","0","AnyEnemy","","Almost","Medium","DealDamage","conditional branch","DealDamage","","DamageVar;DynamicVar;EnergyVar","OnPlay;OnUpgrade","Editor has matching primitives; calculated counts/filters/conditions need careful setup.","C:\Users\Bartek\OneDrive\Skrivebord\STS2 Modding MCP v3.8.0\sts2-modding-mcp\decompiled\MegaCrit.Sts2.Core.Models.Cards\HeavenlyDrill.cs"
"Hegemony","Regent","Attack","Uncommon","2","AnyEnemy","","Exact","High","DealDamage; ApplyPower; ApplyPower:EnergyNextTurnPower","supported primitives only","DealDamage;ApplyPower","EnergyNextTurnPower","DamageVar;DynamicVar;EnergyVar","OnPlay;OnUpgrade","Direct mapping to existing extra effects.","C:\Users\Bartek\OneDrive\Skrivebord\STS2 Modding MCP v3.8.0\sts2-modding-mcp\decompiled\MegaCrit.Sts2.Core.Models.Cards\Hegemony.cs"
"HeirloomHammer","Regent","Attack","Rare","2","AnyEnemy","","Exact","High","DealDamage; CopyExactCardsFromPileToDeck","","DealDamage;AddSpecificCardToHand","","DamageVar;DynamicVar;RepeatVar","OnPlay;OnUpgrade","Deal damage, choose a colorless hand card, add an exact clone to hand.","C:\Users\Bartek\OneDrive\Skrivebord\STS2 Modding MCP v3.8.0\sts2-modding-mcp\decompiled\MegaCrit.Sts2.Core.Models.Cards\HeirloomHammer.cs"
"HiddenCache","Regent","Skill","Common","1","Self","","Exact","High","GainStars; ApplyPower; ApplyPower:StarNextTurnPower","supported primitives only","GainStars;ApplyPower","StarNextTurnPower","DynamicVar;PowerVar;StarsVar","OnPlay;OnUpgrade","Direct mapping to existing extra effects.","C:\Users\Bartek\OneDrive\Skrivebord\STS2 Modding MCP v3.8.0\sts2-modding-mcp\decompiled\MegaCrit.Sts2.Core.Models.Cards\HiddenCache.cs"
"IAmInvincible","Regent","Skill","Rare","1","Self","","Almost","Medium","GainBlock; PlayCardFromPile","conditional branch; pile scan","GainBlock;PlayCardFromPile","","BlockVar","AfterTurnEnd;OnPlay;OnUpgrade","Editor has matching primitives; calculated counts/filters/conditions need careful setup.","C:\Users\Bartek\OneDrive\Skrivebord\STS2 Modding MCP v3.8.0\sts2-modding-mcp\decompiled\MegaCrit.Sts2.Core.Models.Cards\IAmInvincible.cs"
"KinglyKick","Regent","Attack","Uncommon","4","AnyEnemy","","Almost","Medium","DealDamage","conditional branch","DealDamage","","DamageVar","AfterCardDrawn;OnPlay;OnUpgrade","Editor has matching primitives; calculated counts/filters/conditions need careful setup.","C:\Users\Bartek\OneDrive\Skrivebord\STS2 Modding MCP v3.8.0\sts2-modding-mcp\decompiled\MegaCrit.Sts2.Core.Models.Cards\KinglyKick.cs"
"KinglyPunch","Regent","Attack","Uncommon","1","AnyEnemy","","Almost","Medium","DealDamage","conditional branch","DealDamage","","DamageVar;DynamicVar","AfterCardDrawn;AfterDowngraded;OnPlay;OnUpgrade","Editor has matching primitives; calculated counts/filters/conditions need careful setup.","C:\Users\Bartek\OneDrive\Skrivebord\STS2 Modding MCP v3.8.0\sts2-modding-mcp\decompiled\MegaCrit.Sts2.Core.Models.Cards\KinglyPunch.cs"
"KnockoutBlow","Regent","Attack","Uncommon","3","AnyEnemy","","Almost","Medium","DealDamage; GainStars","conditional branch","DealDamage;GainStars","","DamageVar;DynamicVar;StarsVar","OnPlay;OnUpgrade","Editor has matching primitives; calculated counts/filters/conditions need careful setup.","C:\Users\Bartek\OneDrive\Skrivebord\STS2 Modding MCP v3.8.0\sts2-modding-mcp\decompiled\MegaCrit.Sts2.Core.Models.Cards\KnockoutBlow.cs"
"KnowThyPlace","Regent","Skill","Common","0","AnyEnemy","Exhaust","Exact","High","ApplyVulnerable; ApplyWeak","supported primitives only","ApplyVulnerable;ApplyWeak","VulnerablePower;WeakPower","DynamicVar;PowerVar","OnPlay;OnUpgrade","Direct mapping to existing extra effects.","C:\Users\Bartek\OneDrive\Skrivebord\STS2 Modding MCP v3.8.0\sts2-modding-mcp\decompiled\MegaCrit.Sts2.Core.Models.Cards\KnowThyPlace.cs"
"Largesse","Regent","Skill","Uncommon","0","AnyAlly","","Partial","High","AddRandomCardToHand; CreatedCardsUpgraded","generated card target player","AddSpecificCardToHand;UpgradeCardsInPile","","","OnPlay","Generated-card rows currently create cards for the source owner, not the selected ally/player target.","C:\Users\Bartek\OneDrive\Skrivebord\STS2 Modding MCP v3.8.0\sts2-modding-mcp\decompiled\MegaCrit.Sts2.Core.Models.Cards\Largesse.cs"
"LunarBlast","Regent","Attack","Uncommon","0","AnyEnemy","","Almost","Medium","DealDamage","calculated amount","DealDamage","","CalculatedVar;CalculationBaseVar;CalculationExtraVar;DamageVar;DynamicVar","OnPlay;OnUpgrade","Editor has matching primitives; calculated counts/filters/conditions need careful setup.","C:\Users\Bartek\OneDrive\Skrivebord\STS2 Modding MCP v3.8.0\sts2-modding-mcp\decompiled\MegaCrit.Sts2.Core.Models.Cards\LunarBlast.cs"
"MakeItSo","Regent","Attack","Rare","0","AnyEnemy","","Almost","Medium","DealDamage; MoveCardsBetweenPiles","combat history count; conditional branch","DealDamage;MoveCardsBetweenPiles","","CardsVar;DamageVar;DynamicVar","AfterCardPlayedLate;OnPlay;OnUpgrade","Editor has matching primitives; calculated counts/filters/conditions need careful setup.","C:\Users\Bartek\OneDrive\Skrivebord\STS2 Modding MCP v3.8.0\sts2-modding-mcp\decompiled\MegaCrit.Sts2.Core.Models.Cards\MakeItSo.cs"
"ManifestAuthority","Regent","Skill","Uncommon","1","Self","","Exact","High","GainBlock; AddRandomCardToHand; CreatedCardsUpgraded","","GainBlock;AddSpecificCardToHand;UpgradeCardsInPile","","BlockVar","OnPlay;OnUpgrade","Gain block, add a random Colorless card to hand; upgrade can upgrade the generated card.","C:\Users\Bartek\OneDrive\Skrivebord\STS2 Modding MCP v3.8.0\sts2-modding-mcp\decompiled\MegaCrit.Sts2.Core.Models.Cards\ManifestAuthority.cs"
"MeteorShower","Regent","Attack","Ancient","0","AllEnemies","","Exact","High","DealDamage; ApplyVulnerable; ApplyWeak","supported primitives only","DealDamage;ApplyVulnerable;ApplyWeak","VulnerablePower;WeakPower","DamageVar;DynamicVar;PowerVar","OnPlay;OnUpgrade","Direct mapping to existing extra effects.","C:\Users\Bartek\OneDrive\Skrivebord\STS2 Modding MCP v3.8.0\sts2-modding-mcp\decompiled\MegaCrit.Sts2.Core.Models.Cards\MeteorShower.cs"
"MonarchsGaze","Regent","Power","Rare","3","Self","","Exact","High","ApplyPower; ApplyPower:MonarchsGazePower","supported primitives only","ApplyPower","MonarchsGazePower","DynamicVar","OnPlay;OnUpgrade","Direct mapping to existing extra effects.","C:\Users\Bartek\OneDrive\Skrivebord\STS2 Modding MCP v3.8.0\sts2-modding-mcp\decompiled\MegaCrit.Sts2.Core.Models.Cards\MonarchsGaze.cs"
"Monologue","Regent","Skill","Uncommon","0","Self","Retain","Almost","Medium","ApplyPower; ApplyPower:MonologuePower","conditional branch","ApplyPower","MonologuePower","DynamicVar","OnPlay;OnUpgrade","Editor has matching primitives; calculated counts/filters/conditions need careful setup.","C:\Users\Bartek\OneDrive\Skrivebord\STS2 Modding MCP v3.8.0\sts2-modding-mcp\decompiled\MegaCrit.Sts2.Core.Models.Cards\Monologue.cs"
"NeutronAegis","Regent","Power","Rare","1","Self","","Exact","High","GainPlating","supported primitives only","GainPlating","PlatingPower","PowerVar","OnPlay;OnUpgrade","Direct mapping to existing extra effects.","C:\Users\Bartek\OneDrive\Skrivebord\STS2 Modding MCP v3.8.0\sts2-modding-mcp\decompiled\MegaCrit.Sts2.Core.Models.Cards\NeutronAegis.cs"
"Orbit","Regent","Power","Uncommon","2","Self","","Exact","High","ApplyPower; ApplyPower:OrbitPower","supported primitives only","ApplyPower","OrbitPower","EnergyVar","OnPlay;OnUpgrade","Direct mapping to existing extra effects.","C:\Users\Bartek\OneDrive\Skrivebord\STS2 Modding MCP v3.8.0\sts2-modding-mcp\decompiled\MegaCrit.Sts2.Core.Models.Cards\Orbit.cs"
"PaleBlueDot","Regent","Power","Uncommon","1","Self","","Exact","High","ApplyPower; ApplyPower:PaleBlueDotPower","supported primitives only","ApplyPower","PaleBlueDotPower","CardsVar;DynamicVar","OnPlay;OnUpgrade","Direct mapping to existing extra effects.","C:\Users\Bartek\OneDrive\Skrivebord\STS2 Modding MCP v3.8.0\sts2-modding-mcp\decompiled\MegaCrit.Sts2.Core.Models.Cards\PaleBlueDot.cs"
"Parry","Regent","Power","Uncommon","1","Self","","Exact","High","ApplyPower; ApplyPower:ParryPower","supported primitives only","ApplyPower","ParryPower","PowerVar","OnPlay;OnUpgrade","Direct mapping to existing extra effects.","C:\Users\Bartek\OneDrive\Skrivebord\STS2 Modding MCP v3.8.0\sts2-modding-mcp\decompiled\MegaCrit.Sts2.Core.Models.Cards\Parry.cs"
"ParticleWall","Regent","Skill","Uncommon","0","Self","","Almost","Medium","GainBlock","conditional branch","GainBlock","","BlockVar","GetResultPileType;OnPlay;OnUpgrade","Editor has matching primitives; calculated counts/filters/conditions need careful setup.","C:\Users\Bartek\OneDrive\Skrivebord\STS2 Modding MCP v3.8.0\sts2-modding-mcp\decompiled\MegaCrit.Sts2.Core.Models.Cards\ParticleWall.cs"
"Patter","Regent","Skill","Common","1","Self","","Exact","High","GainBlock; GainVigor","supported primitives only","GainBlock;GainVigor","VigorPower","BlockVar;DynamicVar;PowerVar","OnPlay;OnUpgrade","Direct mapping to existing extra effects.","C:\Users\Bartek\OneDrive\Skrivebord\STS2 Modding MCP v3.8.0\sts2-modding-mcp\decompiled\MegaCrit.Sts2.Core.Models.Cards\Patter.cs"
"PhotonCut","Regent","Attack","Common","1","AnyEnemy","","Exact","High","DealDamage; DrawCards; MoveCardsBetweenPiles","","DealDamage;DrawCards;MoveCardsBetweenPiles","","CardsVar;DamageVar;DynamicVar","OnPlay;OnUpgrade","Deal damage, draw 1/2, then put one selected hand card on top of draw pile.","C:\Users\Bartek\OneDrive\Skrivebord\STS2 Modding MCP v3.8.0\sts2-modding-mcp\decompiled\MegaCrit.Sts2.Core.Models.Cards\PhotonCut.cs"
"PillarOfCreation","Regent","Power","Uncommon","1","Self","","Exact","High","ApplyPower; ApplyPower:PillarOfCreationPower","supported primitives only","ApplyPower","PillarOfCreationPower","BlockVar","OnPlay;OnUpgrade","Direct mapping to existing extra effects.","C:\Users\Bartek\OneDrive\Skrivebord\STS2 Modding MCP v3.8.0\sts2-modding-mcp\decompiled\MegaCrit.Sts2.Core.Models.Cards\PillarOfCreation.cs"
"Prophesize","Regent","Skill","Uncommon","2","Self","","Exact","High","DrawCards","supported primitives only","DrawCards","","CardsVar","OnPlay;OnUpgrade","Direct mapping to existing extra effects.","C:\Users\Bartek\OneDrive\Skrivebord\STS2 Modding MCP v3.8.0\sts2-modding-mcp\decompiled\MegaCrit.Sts2.Core.Models.Cards\Prophesize.cs"
"Quasar","Regent","Skill","Uncommon","0","Self","","Exact","High","ChooseOneOfThreeCardsToHand; CreatedCardsUpgraded","","AddSpecificCardToHand;UpgradeCardsInPile","","","OnPlay","Choose 1 of 3 distinct Colorless cards, skip allowed; upgrade can upgrade the offered/created card.","C:\Users\Bartek\OneDrive\Skrivebord\STS2 Modding MCP v3.8.0\sts2-modding-mcp\decompiled\MegaCrit.Sts2.Core.Models.Cards\Quasar.cs"
"Radiate","Regent","Attack","Uncommon","0","AllEnemies","","Almost","Medium","DealDamage","calculated amount","DealDamage","","CalculatedVar;CalculationBaseVar;CalculationExtraVar;DamageVar;DynamicVar;StarsVar","OnPlay;OnUpgrade","Editor has matching primitives; calculated counts/filters/conditions need careful setup.","C:\Users\Bartek\OneDrive\Skrivebord\STS2 Modding MCP v3.8.0\sts2-modding-mcp\decompiled\MegaCrit.Sts2.Core.Models.Cards\Radiate.cs"
"RefineBlade","Regent","Skill","Common","1","Self","","Exact","High","Forge; ApplyPower; ApplyPower:EnergyNextTurnPower","supported primitives only","Forge;ApplyPower","EnergyNextTurnPower","DynamicVar;EnergyVar;ForgeVar","OnPlay;OnUpgrade","Direct mapping to existing extra effects.","C:\Users\Bartek\OneDrive\Skrivebord\STS2 Modding MCP v3.8.0\sts2-modding-mcp\decompiled\MegaCrit.Sts2.Core.Models.Cards\RefineBlade.cs"
"Reflect","Regent","Skill","Uncommon","1","Self","","Exact","High","GainBlock; ApplyPower; ApplyPower:ReflectPower","supported primitives only","GainBlock;ApplyPower","ReflectPower","BlockVar","OnPlay;OnUpgrade","Direct mapping to existing extra effects.","C:\Users\Bartek\OneDrive\Skrivebord\STS2 Modding MCP v3.8.0\sts2-modding-mcp\decompiled\MegaCrit.Sts2.Core.Models.Cards\Reflect.cs"
"Resonance","Regent","Skill","Uncommon","1","AllEnemies","","Almost","Medium","GainStrength","loop/repeat","GainStrength","StrengthPower","PowerVar","OnPlay;OnUpgrade","Editor has matching primitives; calculated counts/filters/conditions need careful setup.","C:\Users\Bartek\OneDrive\Skrivebord\STS2 Modding MCP v3.8.0\sts2-modding-mcp\decompiled\MegaCrit.Sts2.Core.Models.Cards\Resonance.cs"
"RoyalGamble","Regent","Skill","Uncommon","0","Self","Exhaust;Retain","Exact","High","GainStars","supported primitives only","GainStars","","StarsVar","OnPlay;OnUpgrade","Direct mapping to existing extra effects.","C:\Users\Bartek\OneDrive\Skrivebord\STS2 Modding MCP v3.8.0\sts2-modding-mcp\decompiled\MegaCrit.Sts2.Core.Models.Cards\RoyalGamble.cs"
"Royalties","Regent","Power","Rare","1","Self","","Exact","High","ApplyPower; ApplyPower:RoyaltiesPower","supported primitives only","ApplyPower","RoyaltiesPower","GoldVar","OnPlay;OnUpgrade","Direct mapping to existing extra effects.","C:\Users\Bartek\OneDrive\Skrivebord\STS2 Modding MCP v3.8.0\sts2-modding-mcp\decompiled\MegaCrit.Sts2.Core.Models.Cards\Royalties.cs"
"SeekingEdge","Regent","Power","Rare","1","Self","","Exact","High","Forge; ApplyPower; ApplyPower:SeekingEdgePower","supported primitives only","Forge;ApplyPower","SeekingEdgePower","ForgeVar","OnPlay;OnUpgrade","Direct mapping to existing extra effects.","C:\Users\Bartek\OneDrive\Skrivebord\STS2 Modding MCP v3.8.0\sts2-modding-mcp\decompiled\MegaCrit.Sts2.Core.Models.Cards\SeekingEdge.cs"
"SevenStars","Regent","Attack","Rare","2","AllEnemies","","Exact","High","DealDamage","supported primitives only","DealDamage","","DamageVar;DynamicVar;RepeatVar","OnPlay;OnUpgrade","Direct mapping to existing extra effects.","C:\Users\Bartek\OneDrive\Skrivebord\STS2 Modding MCP v3.8.0\sts2-modding-mcp\decompiled\MegaCrit.Sts2.Core.Models.Cards\SevenStars.cs"
"ShiningStrike","Regent","Attack","Uncommon","1","AnyEnemy","Exhaust","Almost","Medium","DealDamage; GainStars; MoveCardsBetweenPiles","conditional branch","DealDamage;GainStars;MoveCardsBetweenPiles","","DamageVar;DynamicVar;StarsVar","OnPlay;OnUpgrade","Editor has matching primitives; calculated counts/filters/conditions need careful setup.","C:\Users\Bartek\OneDrive\Skrivebord\STS2 Modding MCP v3.8.0\sts2-modding-mcp\decompiled\MegaCrit.Sts2.Core.Models.Cards\ShiningStrike.cs"
"SolarStrike","Regent","Attack","Common","1","AnyEnemy","","Exact","High","DealDamage; GainStars","supported primitives only","DealDamage;GainStars","","DamageVar;DynamicVar;StarsVar","OnPlay;OnUpgrade","Direct mapping to existing extra effects.","C:\Users\Bartek\OneDrive\Skrivebord\STS2 Modding MCP v3.8.0\sts2-modding-mcp\decompiled\MegaCrit.Sts2.Core.Models.Cards\SolarStrike.cs"
"SpectrumShift","Regent","Power","Uncommon","2","Self","","Exact","High","ApplyPower; ApplyPower:SpectrumShiftPower","supported primitives only","ApplyPower","SpectrumShiftPower","CardsVar","OnPlay;OnUpgrade","Direct mapping to existing extra effects.","C:\Users\Bartek\OneDrive\Skrivebord\STS2 Modding MCP v3.8.0\sts2-modding-mcp\decompiled\MegaCrit.Sts2.Core.Models.Cards\SpectrumShift.cs"
"SpoilsOfBattle","Regent","Skill","Common","1","Self","","Exact","High","DrawCards; Forge","supported primitives only","DrawCards;Forge","","CardsVar;DynamicVar;ForgeVar","OnPlay;OnUpgrade","Direct mapping to existing extra effects.","C:\Users\Bartek\OneDrive\Skrivebord\STS2 Modding MCP v3.8.0\sts2-modding-mcp\decompiled\MegaCrit.Sts2.Core.Models.Cards\SpoilsOfBattle.cs"
"Stardust","Regent","Attack","Uncommon","0","RandomEnemy","","Almost","Medium","DealDamage","randomness","DealDamage","","DamageVar","OnPlay;OnUpgrade","Editor has matching primitives; calculated counts/filters/conditions need careful setup.","C:\Users\Bartek\OneDrive\Skrivebord\STS2 Modding MCP v3.8.0\sts2-modding-mcp\decompiled\MegaCrit.Sts2.Core.Models.Cards\Stardust.cs"
"StrikeRegent","Regent","Attack","Basic","1","AnyEnemy","","Exact","High","DealDamage","supported primitives only","DealDamage","","DamageVar","OnPlay;OnUpgrade","Direct mapping to existing extra effects.","C:\Users\Bartek\OneDrive\Skrivebord\STS2 Modding MCP v3.8.0\sts2-modding-mcp\decompiled\MegaCrit.Sts2.Core.Models.Cards\StrikeRegent.cs"
"SummonForth","Regent","Skill","Uncommon","1","Self","Retain","Almost","Medium","Forge; MoveCardsBetweenPiles","loop/repeat","Forge;MoveCardsBetweenPiles","","ForgeVar","OnPlay;OnUpgrade","Editor has matching primitives; calculated counts/filters/conditions need careful setup.","C:\Users\Bartek\OneDrive\Skrivebord\STS2 Modding MCP v3.8.0\sts2-modding-mcp\decompiled\MegaCrit.Sts2.Core.Models.Cards\SummonForth.cs"
"Supermassive","Regent","Attack","Uncommon","1","AnyEnemy","","Exact","High","DealDamage","supported primitives only","DealDamage","","CalculatedDamageVar;CalculationBaseVar;DynamicVar;ExtraDamageVar","OnPlay;OnUpgrade","Direct mapping to existing extra effects.","C:\Users\Bartek\OneDrive\Skrivebord\STS2 Modding MCP v3.8.0\sts2-modding-mcp\decompiled\MegaCrit.Sts2.Core.Models.Cards\Supermassive.cs"
"SwordSage","Regent","Power","Rare","2","Self","","Exact","High","ApplyPower; ApplyPower:SwordSagePower","supported primitives only","ApplyPower","SwordSagePower","PowerVar","OnPlay;OnUpgrade","Direct mapping to existing extra effects.","C:\Users\Bartek\OneDrive\Skrivebord\STS2 Modding MCP v3.8.0\sts2-modding-mcp\decompiled\MegaCrit.Sts2.Core.Models.Cards\SwordSage.cs"
"Terraforming","Regent","Skill","Uncommon","1","Self","","Exact","High","GainVigor","supported primitives only","GainVigor","VigorPower","PowerVar","OnPlay;OnUpgrade","Direct mapping to existing extra effects.","C:\Users\Bartek\OneDrive\Skrivebord\STS2 Modding MCP v3.8.0\sts2-modding-mcp\decompiled\MegaCrit.Sts2.Core.Models.Cards\Terraforming.cs"
"TheSealedThrone","Regent","Power","Ancient","1","Self","Innate","Exact","High","ApplyPower; ApplyPower:TheSealedThronePower","supported primitives only","ApplyPower","TheSealedThronePower","","OnPlay;OnUpgrade","Direct mapping to existing extra effects.","C:\Users\Bartek\OneDrive\Skrivebord\STS2 Modding MCP v3.8.0\sts2-modding-mcp\decompiled\MegaCrit.Sts2.Core.Models.Cards\TheSealedThrone.cs"
"TheSmith","Regent","Skill","Rare","1","Self","","Exact","High","Forge","supported primitives only","Forge","","ForgeVar","OnPlay;OnUpgrade","Direct mapping to existing extra effects.","C:\Users\Bartek\OneDrive\Skrivebord\STS2 Modding MCP v3.8.0\sts2-modding-mcp\decompiled\MegaCrit.Sts2.Core.Models.Cards\TheSmith.cs"
"Tyranny","Regent","Power","Rare","1","Self","Exhaust;Innate","Exact","High","ApplyPower; ApplyPower:TyrannyPower","supported primitives only","ApplyPower","TyrannyPower","","OnPlay;OnUpgrade","Direct mapping to existing extra effects.","C:\Users\Bartek\OneDrive\Skrivebord\STS2 Modding MCP v3.8.0\sts2-modding-mcp\decompiled\MegaCrit.Sts2.Core.Models.Cards\Tyranny.cs"
"Venerate","Regent","Skill","Basic","1","Self","","Exact","High","GainStars","supported primitives only","GainStars","","StarsVar","OnPlay;OnUpgrade","Direct mapping to existing extra effects.","C:\Users\Bartek\OneDrive\Skrivebord\STS2 Modding MCP v3.8.0\sts2-modding-mcp\decompiled\MegaCrit.Sts2.Core.Models.Cards\Venerate.cs"
"VoidForm","Regent","Power","Rare","3","Self","Ethereal","Exact","High","EndTurn; ApplyPower; ApplyPower:VoidFormPower","supported primitives only","EndTurn;ApplyPower","VoidFormPower","PowerVar","OnPlay;OnUpgrade","Direct mapping to existing extra effects.","C:\Users\Bartek\OneDrive\Skrivebord\STS2 Modding MCP v3.8.0\sts2-modding-mcp\decompiled\MegaCrit.Sts2.Core.Models.Cards\VoidForm.cs"
"WroughtInWar","Regent","Attack","Common","1","AnyEnemy","","Exact","High","DealDamage; Forge","supported primitives only","DealDamage;Forge","","DamageVar;DynamicVar;ForgeVar","OnPlay;OnUpgrade","Direct mapping to existing extra effects.","C:\Users\Bartek\OneDrive\Skrivebord\STS2 Modding MCP v3.8.0\sts2-modding-mcp\decompiled\MegaCrit.Sts2.Core.Models.Cards\WroughtInWar.cs"
"Afterlife","Necrobinder","Skill","Common","1","Self","Exhaust","Exact","High","Summon","supported primitives only","Summon","","SummonVar","OnPlay;OnUpgrade","Direct mapping to existing extra effects.","C:\Users\Bartek\OneDrive\Skrivebord\STS2 Modding MCP v3.8.0\sts2-modding-mcp\decompiled\MegaCrit.Sts2.Core.Models.Cards\Afterlife.cs"
"BansheesCry","Necrobinder","Attack","Rare","9","AllEnemies","Ethereal","Almost","Medium","DealDamage","combat history count; conditional branch","DealDamage","","DamageVar;DynamicVar;EnergyVar","AfterCardEnteredCombat;AfterCardPlayed;OnPlay;OnUpgrade","Editor has matching primitives; calculated counts/filters/conditions need careful setup.","C:\Users\Bartek\OneDrive\Skrivebord\STS2 Modding MCP v3.8.0\sts2-modding-mcp\decompiled\MegaCrit.Sts2.Core.Models.Cards\BansheesCry.cs"
"BlightStrike","Necrobinder","Attack","Common","1","AnyEnemy","","Exact","High","DealDamage; ApplyDoom","supported primitives only","DealDamage;ApplyDoom","DoomPower","DamageVar","OnPlay;OnUpgrade","Direct mapping to existing extra effects.","C:\Users\Bartek\OneDrive\Skrivebord\STS2 Modding MCP v3.8.0\sts2-modding-mcp\decompiled\MegaCrit.Sts2.Core.Models.Cards\BlightStrike.cs"
"Bodyguard","Necrobinder","Skill","Basic","1","Self","","Exact","High","Summon","supported primitives only","Summon","","SummonVar","OnPlay;OnUpgrade","Direct mapping to existing extra effects.","C:\Users\Bartek\OneDrive\Skrivebord\STS2 Modding MCP v3.8.0\sts2-modding-mcp\decompiled\MegaCrit.Sts2.Core.Models.Cards\Bodyguard.cs"
"BoneShards","Necrobinder","Attack","Uncommon","1","AllEnemies","","Almost","Medium","DealDamage; GainBlock","conditional branch","DealDamage;GainBlock","","BlockVar;DynamicVar;OstyDamageVar","OnPlay;OnUpgrade","Editor has matching primitives; calculated counts/filters/conditions need careful setup.","C:\Users\Bartek\OneDrive\Skrivebord\STS2 Modding MCP v3.8.0\sts2-modding-mcp\decompiled\MegaCrit.Sts2.Core.Models.Cards\BoneShards.cs"
"BorrowedTime","Necrobinder","Skill","Uncommon","1","Self","","Exact","High","GainEnergy; ApplyPower; ApplyPower:BorrowedTimePower","supported primitives only","GainEnergy;ApplyPower","BorrowedTimePower","DynamicVar;EnergyVar","OnPlay;OnUpgrade","Direct mapping to existing extra effects.","C:\Users\Bartek\OneDrive\Skrivebord\STS2 Modding MCP v3.8.0\sts2-modding-mcp\decompiled\MegaCrit.Sts2.Core.Models.Cards\BorrowedTime.cs"
"Bury","Necrobinder","Attack","Uncommon","4","AnyEnemy","","Exact","High","DealDamage","supported primitives only","DealDamage","","DamageVar","OnPlay;OnUpgrade","Direct mapping to existing extra effects.","C:\Users\Bartek\OneDrive\Skrivebord\STS2 Modding MCP v3.8.0\sts2-modding-mcp\decompiled\MegaCrit.Sts2.Core.Models.Cards\Bury.cs"
"Calcify","Necrobinder","Power","Uncommon","1","Self","","Exact","High","ApplyPower; ApplyPower:CalcifyPower","supported primitives only","ApplyPower","CalcifyPower","PowerVar","OnPlay;OnUpgrade","Direct mapping to existing extra effects.","C:\Users\Bartek\OneDrive\Skrivebord\STS2 Modding MCP v3.8.0\sts2-modding-mcp\decompiled\MegaCrit.Sts2.Core.Models.Cards\Calcify.cs"
"CallOfTheVoid","Necrobinder","Power","Rare","1","Self","Ethereal;Innate","Exact","High","ApplyPower; ApplyPower:CallOfTheVoidPower","supported primitives only","ApplyPower","CallOfTheVoidPower","CardsVar","OnPlay;OnUpgrade","Direct mapping to existing extra effects.","C:\Users\Bartek\OneDrive\Skrivebord\STS2 Modding MCP v3.8.0\sts2-modding-mcp\decompiled\MegaCrit.Sts2.Core.Models.Cards\CallOfTheVoid.cs"
"CaptureSpirit","Necrobinder","Skill","Uncommon","1","AnyEnemy","","Almost","Medium","LoseHp; AddSpecificCardToHand","randomness","LoseHp;AddSpecificCardToHand","","CardsVar;DamageVar;DynamicVar","OnPlay;OnUpgrade","Editor has matching primitives; calculated counts/filters/conditions need careful setup.","C:\Users\Bartek\OneDrive\Skrivebord\STS2 Modding MCP v3.8.0\sts2-modding-mcp\decompiled\MegaCrit.Sts2.Core.Models.Cards\CaptureSpirit.cs"
"Cleanse","Necrobinder","Skill","Uncommon","1","Self","Exhaust","Exact","High","Summon; ExhaustCards","","Summon;ExhaustCards","","SummonVar","OnPlay;OnUpgrade","Summon Osty amount, then choose one draw-pile card to exhaust.","C:\Users\Bartek\OneDrive\Skrivebord\STS2 Modding MCP v3.8.0\sts2-modding-mcp\decompiled\MegaCrit.Sts2.Core.Models.Cards\Cleanse.cs"
"Countdown","Necrobinder","Power","Uncommon","1","Self","","Exact","High","ApplyPower; ApplyPower:CountdownPower","supported primitives only","ApplyPower","CountdownPower","PowerVar","OnPlay;OnUpgrade","Direct mapping to existing extra effects.","C:\Users\Bartek\OneDrive\Skrivebord\STS2 Modding MCP v3.8.0\sts2-modding-mcp\decompiled\MegaCrit.Sts2.Core.Models.Cards\Countdown.cs"
"DanseMacabre","Necrobinder","Power","Uncommon","1","Self","","Exact","High","ApplyPower; ApplyPower:DanseMacabrePower","supported primitives only","ApplyPower","DanseMacabrePower","DynamicVar;EnergyVar;PowerVar","OnPlay;OnUpgrade","Direct mapping to existing extra effects.","C:\Users\Bartek\OneDrive\Skrivebord\STS2 Modding MCP v3.8.0\sts2-modding-mcp\decompiled\MegaCrit.Sts2.Core.Models.Cards\DanseMacabre.cs"
"DeathMarch","Necrobinder","Attack","Uncommon","1","AnyEnemy","","Exact","High","DealDamage","supported primitives only","DealDamage","","CalculatedDamageVar;CalculationBaseVar;DynamicVar;ExtraDamageVar","OnPlay;OnUpgrade","Direct mapping to existing extra effects.","C:\Users\Bartek\OneDrive\Skrivebord\STS2 Modding MCP v3.8.0\sts2-modding-mcp\decompiled\MegaCrit.Sts2.Core.Models.Cards\DeathMarch.cs"
"Deathbringer","Necrobinder","Skill","Uncommon","2","AllEnemies","","Exact","High","ApplyDoom; ApplyWeak","supported primitives only","ApplyDoom;ApplyWeak","DoomPower;WeakPower","DynamicVar;PowerVar","OnPlay;OnUpgrade","Direct mapping to existing extra effects.","C:\Users\Bartek\OneDrive\Skrivebord\STS2 Modding MCP v3.8.0\sts2-modding-mcp\decompiled\MegaCrit.Sts2.Core.Models.Cards\Deathbringer.cs"
"DeathsDoor","Necrobinder","Skill","Uncommon","1","Self","","Almost","Medium","GainBlock","conditional branch; loop/repeat","GainBlock","","BlockVar;DynamicVar;RepeatVar","OnPlay;OnUpgrade","Editor has matching primitives; calculated counts/filters/conditions need careful setup.","C:\Users\Bartek\OneDrive\Skrivebord\STS2 Modding MCP v3.8.0\sts2-modding-mcp\decompiled\MegaCrit.Sts2.Core.Models.Cards\DeathsDoor.cs"
"Debilitate","Necrobinder","Attack","Uncommon","1","AnyEnemy","","Exact","High","DealDamage; ApplyPower; ApplyPower:DebilitatePower","supported primitives only","DealDamage;ApplyPower","DebilitatePower","DamageVar;DynamicVar;PowerVar","OnPlay;OnUpgrade","Direct mapping to existing extra effects.","C:\Users\Bartek\OneDrive\Skrivebord\STS2 Modding MCP v3.8.0\sts2-modding-mcp\decompiled\MegaCrit.Sts2.Core.Models.Cards\Debilitate.cs"
"DefendNecrobinder","Necrobinder","Skill","Basic","1","Self","","Exact","High","GainBlock","supported primitives only","GainBlock","","BlockVar","OnPlay;OnUpgrade","Direct mapping to existing extra effects.","C:\Users\Bartek\OneDrive\Skrivebord\STS2 Modding MCP v3.8.0\sts2-modding-mcp\decompiled\MegaCrit.Sts2.Core.Models.Cards\DefendNecrobinder.cs"
"Defile","Necrobinder","Attack","Common","1","AnyEnemy","Ethereal","Exact","High","DealDamage","supported primitives only","DealDamage","","DamageVar","OnPlay;OnUpgrade","Direct mapping to existing extra effects.","C:\Users\Bartek\OneDrive\Skrivebord\STS2 Modding MCP v3.8.0\sts2-modding-mcp\decompiled\MegaCrit.Sts2.Core.Models.Cards\Defile.cs"
"Defy","Necrobinder","Skill","Common","1","AnyEnemy","Ethereal","Exact","High","GainBlock; ApplyWeak","supported primitives only","GainBlock;ApplyWeak","WeakPower","BlockVar;DynamicVar;PowerVar","OnPlay;OnUpgrade","Direct mapping to existing extra effects.","C:\Users\Bartek\OneDrive\Skrivebord\STS2 Modding MCP v3.8.0\sts2-modding-mcp\decompiled\MegaCrit.Sts2.Core.Models.Cards\Defy.cs"
"Delay","Necrobinder","Skill","Uncommon","2","Self","","Exact","High","GainBlock; ApplyPower; ApplyPower:EnergyNextTurnPower","supported primitives only","GainBlock;ApplyPower","EnergyNextTurnPower","BlockVar;DynamicVar;EnergyVar","OnPlay;OnUpgrade","Direct mapping to existing extra effects.","C:\Users\Bartek\OneDrive\Skrivebord\STS2 Modding MCP v3.8.0\sts2-modding-mcp\decompiled\MegaCrit.Sts2.Core.Models.Cards\Delay.cs"
"Demesne","Necrobinder","Power","Rare","3","Self","Ethereal","Exact","High","ApplyPower; ApplyPower:DemesnePower","supported primitives only","ApplyPower","DemesnePower","CardsVar;DynamicVar;EnergyVar","OnPlay;OnUpgrade","Direct mapping to existing extra effects.","C:\Users\Bartek\OneDrive\Skrivebord\STS2 Modding MCP v3.8.0\sts2-modding-mcp\decompiled\MegaCrit.Sts2.Core.Models.Cards\Demesne.cs"
"DevourLife","Necrobinder","Power","Rare","1","Self","","Exact","High","ApplyPower; ApplyPower:DevourLifePower","supported primitives only","ApplyPower","DevourLifePower","PowerVar","OnPlay;OnUpgrade","Direct mapping to existing extra effects.","C:\Users\Bartek\OneDrive\Skrivebord\STS2 Modding MCP v3.8.0\sts2-modding-mcp\decompiled\MegaCrit.Sts2.Core.Models.Cards\DevourLife.cs"
"Dirge","Necrobinder","Skill","Uncommon","0","Self","Exhaust","Almost","Medium","Summon; AddSpecificCardToHand; UpgradeCardsInPile","conditional branch; loop/repeat; randomness","Summon;AddSpecificCardToHand;UpgradeCardsInPile","","SummonVar","OnPlay;OnUpgrade","Editor has matching primitives; calculated counts/filters/conditions need careful setup.","C:\Users\Bartek\OneDrive\Skrivebord\STS2 Modding MCP v3.8.0\sts2-modding-mcp\decompiled\MegaCrit.Sts2.Core.Models.Cards\Dirge.cs"
"DrainPower","Necrobinder","Attack","Common","1","AnyEnemy","","Almost","Medium","DealDamage; UpgradeCardsInPile","loop/repeat; randomness; custom card filter; pile scan","DealDamage;UpgradeCardsInPile","","CardsVar;DamageVar;DynamicVar","OnPlay;OnUpgrade","Editor has matching primitives; calculated counts/filters/conditions need careful setup.","C:\Users\Bartek\OneDrive\Skrivebord\STS2 Modding MCP v3.8.0\sts2-modding-mcp\decompiled\MegaCrit.Sts2.Core.Models.Cards\DrainPower.cs"
"Dredge","Necrobinder","Skill","Uncommon","1","Self","Exhaust;Retain","Almost","High","MoveCardsBetweenPiles","hand capacity clamp","MoveCardsBetweenPiles","","CardsVar","OnPlay;OnUpgrade","Move up to 3 selected discard cards to hand and upgrade adds Retain; exact vanilla clamps selectable count by remaining hand capacity.","C:\Users\Bartek\OneDrive\Skrivebord\STS2 Modding MCP v3.8.0\sts2-modding-mcp\decompiled\MegaCrit.Sts2.Core.Models.Cards\Dredge.cs"
"Eidolon","Necrobinder","Skill","Rare","2","Self","Exhaust","Almost","Medium","ExhaustCards; GainIntangible","conditional branch; loop/repeat","ExhaustCards;GainIntangible","IntangiblePower","","OnPlay;OnUpgrade","Editor has matching primitives; calculated counts/filters/conditions need careful setup.","C:\Users\Bartek\OneDrive\Skrivebord\STS2 Modding MCP v3.8.0\sts2-modding-mcp\decompiled\MegaCrit.Sts2.Core.Models.Cards\Eidolon.cs"
"EndOfDays","Necrobinder","Skill","Rare","3","AllEnemies","","Almost","Medium","ApplyDoom","conditional branch; loop/repeat","ApplyDoom","DoomPower","PowerVar","OnPlay;OnUpgrade","Editor has matching primitives; calculated counts/filters/conditions need careful setup.","C:\Users\Bartek\OneDrive\Skrivebord\STS2 Modding MCP v3.8.0\sts2-modding-mcp\decompiled\MegaCrit.Sts2.Core.Models.Cards\EndOfDays.cs"
"EnfeeblingTouch","Necrobinder","Skill","Uncommon","1","AnyEnemy","Ethereal","Exact","High","ApplyPower; ApplyPower:EnfeeblingTouchPower","supported primitives only","ApplyPower","EnfeeblingTouchPower","DynamicVar","OnPlay;OnUpgrade","Direct mapping to existing extra effects.","C:\Users\Bartek\OneDrive\Skrivebord\STS2 Modding MCP v3.8.0\sts2-modding-mcp\decompiled\MegaCrit.Sts2.Core.Models.Cards\EnfeeblingTouch.cs"
"Eradicate","Necrobinder","Attack","Rare","0","AnyEnemy","Retain","Exact","High","DealDamage","supported primitives only","DealDamage","","DamageVar","OnPlay;OnUpgrade","Direct mapping to existing extra effects.","C:\Users\Bartek\OneDrive\Skrivebord\STS2 Modding MCP v3.8.0\sts2-modding-mcp\decompiled\MegaCrit.Sts2.Core.Models.Cards\Eradicate.cs"
"Fear","Necrobinder","Attack","Common","1","AnyEnemy","Ethereal","Exact","High","DealDamage; ApplyVulnerable","supported primitives only","DealDamage;ApplyVulnerable","VulnerablePower","DamageVar;DynamicVar;PowerVar","OnPlay;OnUpgrade","Direct mapping to existing extra effects.","C:\Users\Bartek\OneDrive\Skrivebord\STS2 Modding MCP v3.8.0\sts2-modding-mcp\decompiled\MegaCrit.Sts2.Core.Models.Cards\Fear.cs"
"Fetch","Necrobinder","Attack","Uncommon","0","AnyEnemy","","Almost","Medium","DealDamage; DrawCards","conditional branch","DealDamage;DrawCards","","CardsVar;DynamicVar;OstyDamageVar","OnPlay;OnUpgrade","Editor has matching primitives; calculated counts/filters/conditions need careful setup.","C:\Users\Bartek\OneDrive\Skrivebord\STS2 Modding MCP v3.8.0\sts2-modding-mcp\decompiled\MegaCrit.Sts2.Core.Models.Cards\Fetch.cs"
"Flatten","Necrobinder","Attack","Common","2","AnyEnemy","","Almost","Medium","DealDamage","conditional branch","DealDamage","","OstyDamageVar","AfterAttack;AfterCardEnteredCombat;OnPlay;OnUpgrade","Editor has matching primitives; calculated counts/filters/conditions need careful setup.","C:\Users\Bartek\OneDrive\Skrivebord\STS2 Modding MCP v3.8.0\sts2-modding-mcp\decompiled\MegaCrit.Sts2.Core.Models.Cards\Flatten.cs"
"ForbiddenGrimoire","Necrobinder","Power","Ancient","2","Self","Eternal","Exact","High","ApplyPower; ApplyPower:ForbiddenGrimoirePower","supported primitives only","ApplyPower","ForbiddenGrimoirePower","","OnPlay;OnUpgrade","Direct mapping to existing extra effects.","C:\Users\Bartek\OneDrive\Skrivebord\STS2 Modding MCP v3.8.0\sts2-modding-mcp\decompiled\MegaCrit.Sts2.Core.Models.Cards\ForbiddenGrimoire.cs"
"Friendship","Necrobinder","Power","Uncommon","1","Self","","Exact","High","ApplyPower; GainStrength; ApplyPower:FriendshipPower","supported primitives only","ApplyPower;GainStrength","FriendshipPower;StrengthPower","DynamicVar;EnergyVar;PowerVar","OnPlay;OnUpgrade","Direct mapping to existing extra effects.","C:\Users\Bartek\OneDrive\Skrivebord\STS2 Modding MCP v3.8.0\sts2-modding-mcp\decompiled\MegaCrit.Sts2.Core.Models.Cards\Friendship.cs"
"GlimpseBeyond","Necrobinder","Skill","Rare","1","AllAllies","Exhaust","Almost","Medium","AddSpecificCardToHand","conditional branch; loop/repeat; randomness","AddSpecificCardToHand","","CardsVar","OnPlay;OnUpgrade","Editor has matching primitives; calculated counts/filters/conditions need careful setup.","C:\Users\Bartek\OneDrive\Skrivebord\STS2 Modding MCP v3.8.0\sts2-modding-mcp\decompiled\MegaCrit.Sts2.Core.Models.Cards\GlimpseBeyond.cs"
"GraveWarden","Necrobinder","Skill","Common","1","Self","","Almost","Medium","GainBlock; AddSpecificCardToHand","randomness","GainBlock;AddSpecificCardToHand","","BlockVar;CardsVar;DynamicVar","OnPlay;OnUpgrade","Editor has matching primitives; calculated counts/filters/conditions need careful setup.","C:\Users\Bartek\OneDrive\Skrivebord\STS2 Modding MCP v3.8.0\sts2-modding-mcp\decompiled\MegaCrit.Sts2.Core.Models.Cards\GraveWarden.cs"
"Graveblast","Necrobinder","Attack","Common","1","AnyEnemy","Exhaust","Exact","High","DealDamage; MoveCardsBetweenPiles","","DealDamage;MoveCardsBetweenPiles","","DamageVar","OnPlay;OnUpgrade","Deal damage and choose one discard card to move to hand; upgrade removes Exhaust and raises damage.","C:\Users\Bartek\OneDrive\Skrivebord\STS2 Modding MCP v3.8.0\sts2-modding-mcp\decompiled\MegaCrit.Sts2.Core.Models.Cards\Graveblast.cs"
"Hang","Necrobinder","Attack","Rare","1","AnyEnemy","","Almost","Medium","DealDamage; ApplyPower; ApplyPower:HangPower","conditional branch","DealDamage;ApplyPower","HangPower","DamageVar","OnPlay;OnUpgrade","Editor has matching primitives; calculated counts/filters/conditions need careful setup.","C:\Users\Bartek\OneDrive\Skrivebord\STS2 Modding MCP v3.8.0\sts2-modding-mcp\decompiled\MegaCrit.Sts2.Core.Models.Cards\Hang.cs"
"Haunt","Necrobinder","Power","Uncommon","1","Self","","Exact","High","ApplyPower; ApplyPower:HauntPower","supported primitives only","ApplyPower","HauntPower","HpLossVar","OnPlay;OnUpgrade","Direct mapping to existing extra effects.","C:\Users\Bartek\OneDrive\Skrivebord\STS2 Modding MCP v3.8.0\sts2-modding-mcp\decompiled\MegaCrit.Sts2.Core.Models.Cards\Haunt.cs"
"HighFive","Necrobinder","Attack","Uncommon","2","AllEnemies","","Almost","Medium","DealDamage; ApplyVulnerable","conditional branch","DealDamage;ApplyVulnerable","VulnerablePower","DynamicVar;OstyDamageVar;PowerVar","OnPlay;OnUpgrade","Editor has matching primitives; calculated counts/filters/conditions need careful setup.","C:\Users\Bartek\OneDrive\Skrivebord\STS2 Modding MCP v3.8.0\sts2-modding-mcp\decompiled\MegaCrit.Sts2.Core.Models.Cards\HighFive.cs"
"Invoke","Necrobinder","Skill","Common","1","Self","","Exact","High","ApplyPower; ApplyPower:EnergyNextTurnPower; ApplyPower:SummonNextTurnPower","supported primitives only","ApplyPower","EnergyNextTurnPower;SummonNextTurnPower","DynamicVar;EnergyVar;SummonVar","OnPlay;OnUpgrade","Direct mapping to existing extra effects.","C:\Users\Bartek\OneDrive\Skrivebord\STS2 Modding MCP v3.8.0\sts2-modding-mcp\decompiled\MegaCrit.Sts2.Core.Models.Cards\Invoke.cs"
"LegionOfBone","Necrobinder","Skill","Uncommon","2","AllAllies","Exhaust","Almost","Medium","Summon","loop/repeat; custom card filter","Summon","","SummonVar","OnPlay;OnUpgrade","Editor has matching primitives; calculated counts/filters/conditions need careful setup.","C:\Users\Bartek\OneDrive\Skrivebord\STS2 Modding MCP v3.8.0\sts2-modding-mcp\decompiled\MegaCrit.Sts2.Core.Models.Cards\LegionOfBone.cs"
"Lethality","Necrobinder","Power","Uncommon","1","Self","Ethereal","Exact","High","ApplyPower; ApplyPower:LethalityPower","supported primitives only","ApplyPower","LethalityPower","PowerVar","OnPlay;OnUpgrade","Direct mapping to existing extra effects.","C:\Users\Bartek\OneDrive\Skrivebord\STS2 Modding MCP v3.8.0\sts2-modding-mcp\decompiled\MegaCrit.Sts2.Core.Models.Cards\Lethality.cs"
"Melancholy","Necrobinder","Skill","Uncommon","3","Self","","Almost","Medium","GainBlock","conditional branch","GainBlock","","BlockVar;DynamicVar;EnergyVar","AfterDeath;OnPlay;OnUpgrade","Editor has matching primitives; calculated counts/filters/conditions need careful setup.","C:\Users\Bartek\OneDrive\Skrivebord\STS2 Modding MCP v3.8.0\sts2-modding-mcp\decompiled\MegaCrit.Sts2.Core.Models.Cards\Melancholy.cs"
"Misery","Necrobinder","Attack","Rare","0","AnyEnemy","Retain","Almost","Medium","DealDamage","conditional branch; loop/repeat","DealDamage","","DamageVar","OnPlay;OnUpgrade","Editor has matching primitives; calculated counts/filters/conditions need careful setup.","C:\Users\Bartek\OneDrive\Skrivebord\STS2 Modding MCP v3.8.0\sts2-modding-mcp\decompiled\MegaCrit.Sts2.Core.Models.Cards\Misery.cs"
"NecroMastery","Necrobinder","Power","Rare","2","Self","","Exact","High","Summon; ApplyPower; ApplyPower:NecroMasteryPower","supported primitives only","Summon;ApplyPower","NecroMasteryPower","SummonVar","OnPlay;OnUpgrade","Direct mapping to existing extra effects.","C:\Users\Bartek\OneDrive\Skrivebord\STS2 Modding MCP v3.8.0\sts2-modding-mcp\decompiled\MegaCrit.Sts2.Core.Models.Cards\NecroMastery.cs"
"NegativePulse","Necrobinder","Skill","Common","1","AllEnemies","","Almost","Medium","GainBlock; ApplyDoom","loop/repeat","GainBlock;ApplyDoom","DoomPower","BlockVar;DynamicVar;PowerVar","OnPlay;OnUpgrade","Editor has matching primitives; calculated counts/filters/conditions need careful setup.","C:\Users\Bartek\OneDrive\Skrivebord\STS2 Modding MCP v3.8.0\sts2-modding-mcp\decompiled\MegaCrit.Sts2.Core.Models.Cards\NegativePulse.cs"
"Neurosurge","Necrobinder","Power","Rare","0","Self","","Exact","High","DrawCards; GainEnergy; ApplyPower; ApplyPower:NeurosurgePower","supported primitives only","DrawCards;GainEnergy;ApplyPower","NeurosurgePower","CardsVar;DynamicVar;EnergyVar;PowerVar","OnPlay;OnUpgrade","Direct mapping to existing extra effects.","C:\Users\Bartek\OneDrive\Skrivebord\STS2 Modding MCP v3.8.0\sts2-modding-mcp\decompiled\MegaCrit.Sts2.Core.Models.Cards\Neurosurge.cs"
"NoEscape","Necrobinder","Skill","Uncommon","1","AnyEnemy","","Almost","Medium","ApplyDoom","calculated amount","ApplyDoom","DoomPower","CalculatedVar;CalculationBaseVar;CalculationExtraVar;DynamicVar","OnPlay;OnUpgrade","Editor has matching primitives; calculated counts/filters/conditions need careful setup.","C:\Users\Bartek\OneDrive\Skrivebord\STS2 Modding MCP v3.8.0\sts2-modding-mcp\decompiled\MegaCrit.Sts2.Core.Models.Cards\NoEscape.cs"
"Oblivion","Necrobinder","Skill","Rare","0","AnyEnemy","","Exact","High","ApplyPower; ApplyPower:OblivionPower","supported primitives only","ApplyPower","OblivionPower","PowerVar","OnPlay;OnUpgrade","Direct mapping to existing extra effects.","C:\Users\Bartek\OneDrive\Skrivebord\STS2 Modding MCP v3.8.0\sts2-modding-mcp\decompiled\MegaCrit.Sts2.Core.Models.Cards\Oblivion.cs"
"Pagestorm","Necrobinder","Power","Uncommon","1","Self","Ethereal","Exact","High","ApplyPower; ApplyPower:PagestormPower","supported primitives only","ApplyPower","PagestormPower","CardsVar","OnPlay;OnUpgrade","Direct mapping to existing extra effects.","C:\Users\Bartek\OneDrive\Skrivebord\STS2 Modding MCP v3.8.0\sts2-modding-mcp\decompiled\MegaCrit.Sts2.Core.Models.Cards\Pagestorm.cs"
"Parse","Necrobinder","Skill","Uncommon","1","Self","Ethereal","Exact","High","DrawCards","supported primitives only","DrawCards","","CardsVar","OnPlay;OnUpgrade","Direct mapping to existing extra effects.","C:\Users\Bartek\OneDrive\Skrivebord\STS2 Modding MCP v3.8.0\sts2-modding-mcp\decompiled\MegaCrit.Sts2.Core.Models.Cards\Parse.cs"
"Poke","Necrobinder","Attack","Common","0","AnyEnemy","","Almost","Medium","DealDamage","conditional branch","DealDamage","","OstyDamageVar","OnPlay;OnUpgrade","Editor has matching primitives; calculated counts/filters/conditions need careful setup.","C:\Users\Bartek\OneDrive\Skrivebord\STS2 Modding MCP v3.8.0\sts2-modding-mcp\decompiled\MegaCrit.Sts2.Core.Models.Cards\Poke.cs"
"Protector","Necrobinder","Attack","Ancient","1","AnyEnemy","","Almost","Medium","DealDamage","conditional branch","DealDamage","","CalculatedDamageVar;CalculationBaseVar;DynamicVar;ExtraDamageVar","OnPlay;OnUpgrade","Editor has matching primitives; calculated counts/filters/conditions need careful setup.","C:\Users\Bartek\OneDrive\Skrivebord\STS2 Modding MCP v3.8.0\sts2-modding-mcp\decompiled\MegaCrit.Sts2.Core.Models.Cards\Protector.cs"
"PullAggro","Necrobinder","Skill","Common","2","Self","","Exact","High","GainBlock; Summon","supported primitives only","GainBlock;Summon","","BlockVar;DynamicVar;SummonVar","OnPlay;OnUpgrade","Direct mapping to existing extra effects.","C:\Users\Bartek\OneDrive\Skrivebord\STS2 Modding MCP v3.8.0\sts2-modding-mcp\decompiled\MegaCrit.Sts2.Core.Models.Cards\PullAggro.cs"
"PullFromBelow","Necrobinder","Attack","Uncommon","1","AnyEnemy","Ethereal","Almost","Medium","DealDamage","calculated amount","DealDamage","","CalculatedVar;CalculationBaseVar;CalculationExtraVar;DamageVar;DynamicVar","OnPlay;OnUpgrade","Editor has matching primitives; calculated counts/filters/conditions need careful setup.","C:\Users\Bartek\OneDrive\Skrivebord\STS2 Modding MCP v3.8.0\sts2-modding-mcp\decompiled\MegaCrit.Sts2.Core.Models.Cards\PullFromBelow.cs"
"Putrefy","Necrobinder","Skill","Uncommon","1","AnyEnemy","Exhaust","Exact","High","ApplyVulnerable; ApplyWeak","supported primitives only","ApplyVulnerable;ApplyWeak","VulnerablePower;WeakPower","DynamicVar","OnPlay;OnUpgrade","Direct mapping to existing extra effects.","C:\Users\Bartek\OneDrive\Skrivebord\STS2 Modding MCP v3.8.0\sts2-modding-mcp\decompiled\MegaCrit.Sts2.Core.Models.Cards\Putrefy.cs"
"Rattle","Necrobinder","Attack","Uncommon","1","AnyEnemy","","Almost","Medium","DealDamage","calculated amount; conditional branch","DealDamage","","CalculatedVar;CalculationBaseVar;CalculationExtraVar;DynamicVar;OstyDamageVar","OnPlay;OnUpgrade","Editor has matching primitives; calculated counts/filters/conditions need careful setup.","C:\Users\Bartek\OneDrive\Skrivebord\STS2 Modding MCP v3.8.0\sts2-modding-mcp\decompiled\MegaCrit.Sts2.Core.Models.Cards\Rattle.cs"
"Reanimate","Necrobinder","Skill","Rare","3","Self","Exhaust","Exact","High","Summon","supported primitives only","Summon","","SummonVar","OnPlay;OnUpgrade","Direct mapping to existing extra effects.","C:\Users\Bartek\OneDrive\Skrivebord\STS2 Modding MCP v3.8.0\sts2-modding-mcp\decompiled\MegaCrit.Sts2.Core.Models.Cards\Reanimate.cs"
"Reap","Necrobinder","Attack","Common","3","AnyEnemy","Retain","Exact","High","DealDamage","supported primitives only","DealDamage","","DamageVar","OnPlay;OnUpgrade","Direct mapping to existing extra effects.","C:\Users\Bartek\OneDrive\Skrivebord\STS2 Modding MCP v3.8.0\sts2-modding-mcp\decompiled\MegaCrit.Sts2.Core.Models.Cards\Reap.cs"
"ReaperForm","Necrobinder","Power","Rare","3","Self","Retain","Exact","High","ApplyPower; ApplyPower:ReaperFormPower","supported primitives only","ApplyPower","ReaperFormPower","","OnPlay;OnUpgrade","Direct mapping to existing extra effects.","C:\Users\Bartek\OneDrive\Skrivebord\STS2 Modding MCP v3.8.0\sts2-modding-mcp\decompiled\MegaCrit.Sts2.Core.Models.Cards\ReaperForm.cs"
"Reave","Necrobinder","Attack","Common","1","AnyEnemy","","Almost","Medium","DealDamage; AddSpecificCardToHand; UpgradeCardsInPile","conditional branch; loop/repeat","DealDamage;AddSpecificCardToHand;UpgradeCardsInPile","","CardsVar;DamageVar;DynamicVar","OnPlay;OnUpgrade","Editor has matching primitives; calculated counts/filters/conditions need careful setup.","C:\Users\Bartek\OneDrive\Skrivebord\STS2 Modding MCP v3.8.0\sts2-modding-mcp\decompiled\MegaCrit.Sts2.Core.Models.Cards\Reave.cs"
"RightHandHand","Necrobinder","Attack","Uncommon","0","AnyEnemy","","Almost","Medium","DealDamage; MoveCardsBetweenPiles","conditional branch","DealDamage;MoveCardsBetweenPiles","","DynamicVar;EnergyVar;OstyDamageVar","AfterCardPlayedLate;OnPlay;OnUpgrade","Editor has matching primitives; calculated counts/filters/conditions need careful setup.","C:\Users\Bartek\OneDrive\Skrivebord\STS2 Modding MCP v3.8.0\sts2-modding-mcp\decompiled\MegaCrit.Sts2.Core.Models.Cards\RightHandHand.cs"
"Sacrifice","Necrobinder","Skill","Rare","1","Self","Retain","Almost","Medium","GainBlock","conditional branch","GainBlock","","","OnPlay;OnUpgrade","Editor has matching primitives; calculated counts/filters/conditions need careful setup.","C:\Users\Bartek\OneDrive\Skrivebord\STS2 Modding MCP v3.8.0\sts2-modding-mcp\decompiled\MegaCrit.Sts2.Core.Models.Cards\Sacrifice.cs"
"Scourge","Necrobinder","Skill","Common","1","AnyEnemy","","Exact","High","DrawCards; ApplyDoom","supported primitives only","DrawCards;ApplyDoom","DoomPower","CardsVar;DynamicVar;PowerVar","OnPlay;OnUpgrade","Direct mapping to existing extra effects.","C:\Users\Bartek\OneDrive\Skrivebord\STS2 Modding MCP v3.8.0\sts2-modding-mcp\decompiled\MegaCrit.Sts2.Core.Models.Cards\Scourge.cs"
"SculptingStrike","Necrobinder","Attack","Common","1","AnyEnemy","Ethereal","Almost","High","DealDamage; GrantKeywordToPile","negative keyword filter","DealDamage","","DamageVar","OnPlay;OnUpgrade","Deal damage and grant Ethereal to a selected hand card; missing exact filter for not already Ethereal.","C:\Users\Bartek\OneDrive\Skrivebord\STS2 Modding MCP v3.8.0\sts2-modding-mcp\decompiled\MegaCrit.Sts2.Core.Models.Cards\SculptingStrike.cs"
"Seance","Necrobinder","Skill","Rare","1","Self","Ethereal","Exact","High","TransformCards","","TransformCards","","CardsVar","OnPlay;OnUpgrade","Choose one draw-pile card and transform it into Soul.","C:\Users\Bartek\OneDrive\Skrivebord\STS2 Modding MCP v3.8.0\sts2-modding-mcp\decompiled\MegaCrit.Sts2.Core.Models.Cards\Seance.cs"
"SentryMode","Necrobinder","Power","Rare","2","Self","","Exact","High","ApplyPower; ApplyPower:SentryModePower","supported primitives only","ApplyPower","SentryModePower","PowerVar","OnPlay;OnUpgrade","Direct mapping to existing extra effects.","C:\Users\Bartek\OneDrive\Skrivebord\STS2 Modding MCP v3.8.0\sts2-modding-mcp\decompiled\MegaCrit.Sts2.Core.Models.Cards\SentryMode.cs"
"Severance","Necrobinder","Attack","Uncommon","2","AnyEnemy","","Almost","Medium","DealDamage; AddSpecificCardToHand","randomness","DealDamage;AddSpecificCardToHand","","DamageVar","OnPlay;OnUpgrade","Editor has matching primitives; calculated counts/filters/conditions need careful setup.","C:\Users\Bartek\OneDrive\Skrivebord\STS2 Modding MCP v3.8.0\sts2-modding-mcp\decompiled\MegaCrit.Sts2.Core.Models.Cards\Severance.cs"
"SharedFate","Necrobinder","Skill","Rare","0","AnyEnemy","Exhaust","Exact","High","GainStrength","supported primitives only","GainStrength","StrengthPower","DynamicVar","OnPlay;OnUpgrade","Direct mapping to existing extra effects.","C:\Users\Bartek\OneDrive\Skrivebord\STS2 Modding MCP v3.8.0\sts2-modding-mcp\decompiled\MegaCrit.Sts2.Core.Models.Cards\SharedFate.cs"
"Shroud","Necrobinder","Power","Uncommon","1","Self","","Exact","High","ApplyPower; ApplyPower:ShroudPower","supported primitives only","ApplyPower","ShroudPower","BlockVar","OnPlay;OnUpgrade","Direct mapping to existing extra effects.","C:\Users\Bartek\OneDrive\Skrivebord\STS2 Modding MCP v3.8.0\sts2-modding-mcp\decompiled\MegaCrit.Sts2.Core.Models.Cards\Shroud.cs"
"SicEm","Necrobinder","Attack","Uncommon","1","AnyEnemy","","Almost","Medium","DealDamage; ApplyPower; ApplyPower:SicEmPower","conditional branch","DealDamage;ApplyPower","SicEmPower","DynamicVar;OstyDamageVar;PowerVar","OnPlay;OnUpgrade","Editor has matching primitives; calculated counts/filters/conditions need careful setup.","C:\Users\Bartek\OneDrive\Skrivebord\STS2 Modding MCP v3.8.0\sts2-modding-mcp\decompiled\MegaCrit.Sts2.Core.Models.Cards\SicEm.cs"
"SleightOfFlesh","Necrobinder","Power","Uncommon","2","Self","","Exact","High","ApplyPower; ApplyPower:SleightOfFleshPower","supported primitives only","ApplyPower","SleightOfFleshPower","PowerVar","OnPlay;OnUpgrade","Direct mapping to existing extra effects.","C:\Users\Bartek\OneDrive\Skrivebord\STS2 Modding MCP v3.8.0\sts2-modding-mcp\decompiled\MegaCrit.Sts2.Core.Models.Cards\SleightOfFlesh.cs"
"Snap","Necrobinder","Attack","Common","1","AnyEnemy","Retain","Almost","High","OstyAction; GrantKeywordToPile","negative keyword filter","DealDamage","","OstyDamageVar","OnPlay;OnUpgrade","Osty attacks, then grant Retain to a selected hand card; missing exact filter for not already Retain.","C:\Users\Bartek\OneDrive\Skrivebord\STS2 Modding MCP v3.8.0\sts2-modding-mcp\decompiled\MegaCrit.Sts2.Core.Models.Cards\Snap.cs"
"SoulStorm","Necrobinder","Attack","Rare","1","AnyEnemy","","Exact","High","DealDamage","supported primitives only","DealDamage","","CalculatedDamageVar;CalculationBaseVar;DynamicVar;ExtraDamageVar","OnPlay;OnUpgrade","Direct mapping to existing extra effects.","C:\Users\Bartek\OneDrive\Skrivebord\STS2 Modding MCP v3.8.0\sts2-modding-mcp\decompiled\MegaCrit.Sts2.Core.Models.Cards\SoulStorm.cs"
"Sow","Necrobinder","Attack","Common","1","AllEnemies","Retain","Exact","High","DealDamage","supported primitives only","DealDamage","","DamageVar","OnPlay;OnUpgrade","Direct mapping to existing extra effects.","C:\Users\Bartek\OneDrive\Skrivebord\STS2 Modding MCP v3.8.0\sts2-modding-mcp\decompiled\MegaCrit.Sts2.Core.Models.Cards\Sow.cs"
"SpiritOfAsh","Necrobinder","Power","Rare","1","Self","Ethereal","Exact","High","ApplyPower; ApplyPower:SpiritOfAshPower","supported primitives only","ApplyPower","SpiritOfAshPower","DynamicVar","OnPlay;OnUpgrade","Direct mapping to existing extra effects.","C:\Users\Bartek\OneDrive\Skrivebord\STS2 Modding MCP v3.8.0\sts2-modding-mcp\decompiled\MegaCrit.Sts2.Core.Models.Cards\SpiritOfAsh.cs"
"Spur","Necrobinder","Skill","Uncommon","1","Self","Retain","Exact","High","Heal; Summon","supported primitives only","Heal;Summon","","DynamicVar;HealVar;SummonVar","OnPlay;OnUpgrade","Direct mapping to existing extra effects.","C:\Users\Bartek\OneDrive\Skrivebord\STS2 Modding MCP v3.8.0\sts2-modding-mcp\decompiled\MegaCrit.Sts2.Core.Models.Cards\Spur.cs"
"Squeeze","Necrobinder","Attack","Rare","3","AnyEnemy","","Almost","Medium","DealDamage","conditional branch","DealDamage","","CalculatedDamageVar;CalculationBaseVar;DynamicVar;ExtraDamageVar","OnPlay;OnUpgrade","Editor has matching primitives; calculated counts/filters/conditions need careful setup.","C:\Users\Bartek\OneDrive\Skrivebord\STS2 Modding MCP v3.8.0\sts2-modding-mcp\decompiled\MegaCrit.Sts2.Core.Models.Cards\Squeeze.cs"
"StrikeNecrobinder","Necrobinder","Attack","Basic","1","AnyEnemy","","Exact","High","DealDamage","supported primitives only","DealDamage","","DamageVar","OnPlay;OnUpgrade","Direct mapping to existing extra effects.","C:\Users\Bartek\OneDrive\Skrivebord\STS2 Modding MCP v3.8.0\sts2-modding-mcp\decompiled\MegaCrit.Sts2.Core.Models.Cards\StrikeNecrobinder.cs"
"TheScythe","Necrobinder","Attack","Rare","2","AnyEnemy","Exhaust","Exact","High","DealDamage; PersistentSelfScaling","","DealDamage","","DamageVar;DynamicVar;IntVar","AfterDowngraded;OnPlay;OnUpgrade","Deal damage, then persistently raise this card and deck version BaseDamage by 3/4.","C:\Users\Bartek\OneDrive\Skrivebord\STS2 Modding MCP v3.8.0\sts2-modding-mcp\decompiled\MegaCrit.Sts2.Core.Models.Cards\TheScythe.cs"
"TimesUp","Necrobinder","Attack","Rare","2","AnyEnemy","Exhaust;Retain","Exact","High","DealDamage","supported primitives only","DealDamage","","CalculatedDamageVar;CalculationBaseVar;DynamicVar;ExtraDamageVar","OnPlay;OnUpgrade","Direct mapping to existing extra effects.","C:\Users\Bartek\OneDrive\Skrivebord\STS2 Modding MCP v3.8.0\sts2-modding-mcp\decompiled\MegaCrit.Sts2.Core.Models.Cards\TimesUp.cs"
"Transfigure","Necrobinder","Skill","Rare","1","Self","Exhaust","Exact","High","TargetCardMutation; GrantReplay","","","","EnergyVar","OnPlay;OnUpgrade","Use one target-card mutation row to choose the hand card, then set later mutation/replay rows to Selected Row targeting the first row.","C:\Users\Bartek\OneDrive\Skrivebord\STS2 Modding MCP v3.8.0\sts2-modding-mcp\decompiled\MegaCrit.Sts2.Core.Models.Cards\Transfigure.cs"
"Undeath","Necrobinder","Skill","Rare","0","Self","","Exact","High","GainBlock; AddSpecificCardToHand","supported primitives only","GainBlock;AddSpecificCardToHand","","BlockVar","OnPlay;OnUpgrade","Direct mapping to existing extra effects.","C:\Users\Bartek\OneDrive\Skrivebord\STS2 Modding MCP v3.8.0\sts2-modding-mcp\decompiled\MegaCrit.Sts2.Core.Models.Cards\Undeath.cs"
"Unleash","Necrobinder","Attack","Basic","1","AnyEnemy","","Almost","Medium","DealDamage","conditional branch","DealDamage","","CalculatedDamageVar;CalculationBaseVar;DynamicVar;ExtraDamageVar","OnPlay;OnUpgrade","Editor has matching primitives; calculated counts/filters/conditions need careful setup.","C:\Users\Bartek\OneDrive\Skrivebord\STS2 Modding MCP v3.8.0\sts2-modding-mcp\decompiled\MegaCrit.Sts2.Core.Models.Cards\Unleash.cs"
"Veilpiercer","Necrobinder","Attack","Uncommon","1","AnyEnemy","Ethereal","Exact","High","DealDamage; ApplyPower; ApplyPower:VeilpiercerPower","supported primitives only","DealDamage;ApplyPower","VeilpiercerPower","DamageVar","OnPlay;OnUpgrade","Direct mapping to existing extra effects.","C:\Users\Bartek\OneDrive\Skrivebord\STS2 Modding MCP v3.8.0\sts2-modding-mcp\decompiled\MegaCrit.Sts2.Core.Models.Cards\Veilpiercer.cs"
"Wisp","Necrobinder","Skill","Common","0","Self","Exhaust;Retain","Exact","High","GainEnergy","supported primitives only","GainEnergy","","EnergyVar","OnPlay;OnUpgrade","Direct mapping to existing extra effects.","C:\Users\Bartek\OneDrive\Skrivebord\STS2 Modding MCP v3.8.0\sts2-modding-mcp\decompiled\MegaCrit.Sts2.Core.Models.Cards\Wisp.cs"
"Alchemize","Colorless","Skill","Rare","1","Self","Exhaust","Almost","Medium","CreateRandomPotion","randomness","CreateRandomPotion","","","OnPlay;OnUpgrade","Editor has matching primitives; calculated counts/filters/conditions need careful setup.","C:\Users\Bartek\OneDrive\Skrivebord\STS2 Modding MCP v3.8.0\sts2-modding-mcp\decompiled\MegaCrit.Sts2.Core.Models.Cards\Alchemize.cs"
"Anointed","Colorless","Skill","Rare","1","Self","Exhaust;Retain","Almost","Medium","MoveCardsBetweenPiles","custom card filter; pile scan","MoveCardsBetweenPiles","","","OnPlay;OnUpgrade","Editor has matching primitives; calculated counts/filters/conditions need careful setup.","C:\Users\Bartek\OneDrive\Skrivebord\STS2 Modding MCP v3.8.0\sts2-modding-mcp\decompiled\MegaCrit.Sts2.Core.Models.Cards\Anointed.cs"
"Automation","Colorless","Power","Uncommon","1","Self","","Exact","High","ApplyPower; ApplyPower:AutomationPower","supported primitives only","ApplyPower","AutomationPower","EnergyVar","OnPlay;OnUpgrade","Direct mapping to existing extra effects.","C:\Users\Bartek\OneDrive\Skrivebord\STS2 Modding MCP v3.8.0\sts2-modding-mcp\decompiled\MegaCrit.Sts2.Core.Models.Cards\Automation.cs"
"BeaconOfHope","Colorless","Power","Rare","1","Self","Innate","Exact","High","ApplyPower; ApplyPower:BeaconOfHopePower","supported primitives only","ApplyPower","BeaconOfHopePower","","OnPlay;OnUpgrade","Direct mapping to existing extra effects.","C:\Users\Bartek\OneDrive\Skrivebord\STS2 Modding MCP v3.8.0\sts2-modding-mcp\decompiled\MegaCrit.Sts2.Core.Models.Cards\BeaconOfHope.cs"
"BeatDown","Colorless","Skill","Rare","3","RandomEnemy","Unplayable","Almost","Medium","ShuffleDrawPile","conditional branch; loop/repeat; randomness; custom card filter; pile scan","ShuffleDrawPile","","CardsVar","OnPlay;OnUpgrade","Editor has matching primitives; calculated counts/filters/conditions need careful setup.","C:\Users\Bartek\OneDrive\Skrivebord\STS2 Modding MCP v3.8.0\sts2-modding-mcp\decompiled\MegaCrit.Sts2.Core.Models.Cards\BeatDown.cs"
"BelieveInYou","Colorless","Skill","Uncommon","0","AnyAlly","","Exact","High","GainEnergy","supported primitives only","GainEnergy","","EnergyVar","OnPlay;OnUpgrade","Direct mapping to existing extra effects.","C:\Users\Bartek\OneDrive\Skrivebord\STS2 Modding MCP v3.8.0\sts2-modding-mcp\decompiled\MegaCrit.Sts2.Core.Models.Cards\BelieveInYou.cs"
"Bolas","Colorless","Attack","Rare","0","AnyEnemy","","Almost","Medium","DealDamage; MoveCardsBetweenPiles","combat history count; conditional branch","DealDamage;MoveCardsBetweenPiles","","DamageVar","BeforeHandDraw;OnPlay;OnUpgrade","Editor has matching primitives; calculated counts/filters/conditions need careful setup.","C:\Users\Bartek\OneDrive\Skrivebord\STS2 Modding MCP v3.8.0\sts2-modding-mcp\decompiled\MegaCrit.Sts2.Core.Models.Cards\Bolas.cs"
"Calamity","Colorless","Power","Rare","3","Self","","Exact","High","ApplyPower; ApplyPower:CalamityPower","supported primitives only","ApplyPower","CalamityPower","","OnPlay;OnUpgrade","Direct mapping to existing extra effects.","C:\Users\Bartek\OneDrive\Skrivebord\STS2 Modding MCP v3.8.0\sts2-modding-mcp\decompiled\MegaCrit.Sts2.Core.Models.Cards\Calamity.cs"
"Catastrophe","Colorless","Skill","Uncommon","2","Self","Unplayable","Almost","Medium","ShuffleDrawPile","conditional branch; loop/repeat; randomness; custom card filter; pile scan","ShuffleDrawPile","","CardsVar","OnPlay;OnUpgrade","Editor has matching primitives; calculated counts/filters/conditions need careful setup.","C:\Users\Bartek\OneDrive\Skrivebord\STS2 Modding MCP v3.8.0\sts2-modding-mcp\decompiled\MegaCrit.Sts2.Core.Models.Cards\Catastrophe.cs"
"Coordinate","Colorless","Skill","Uncommon","1","AnyAlly","","Exact","High","ApplyPower; ApplyPower:CoordinatePower","supported primitives only","ApplyPower","CoordinatePower","PowerVar","OnPlay;OnUpgrade","Direct mapping to existing extra effects.","C:\Users\Bartek\OneDrive\Skrivebord\STS2 Modding MCP v3.8.0\sts2-modding-mcp\decompiled\MegaCrit.Sts2.Core.Models.Cards\Coordinate.cs"
"DarkShackles","Colorless","Skill","Uncommon","0","AnyEnemy","Exhaust","Exact","High","ApplyPower; ApplyPower:DarkShacklesPower","supported primitives only","ApplyPower","DarkShacklesPower","DynamicVar","OnPlay;OnUpgrade","Direct mapping to existing extra effects.","C:\Users\Bartek\OneDrive\Skrivebord\STS2 Modding MCP v3.8.0\sts2-modding-mcp\decompiled\MegaCrit.Sts2.Core.Models.Cards\DarkShackles.cs"
"Discovery","Colorless","Skill","Uncommon","1","Self","Exhaust","Exact","High","ChooseOneOfThreeCardsToHand; CreatedCardsCostLess","","AddSpecificCardToHand","","","OnPlay;OnUpgrade","Choose 1 of 3 distinct current-color cards, skip allowed, then make the chosen card free this turn. Upgrade removes Exhaust.","C:\Users\Bartek\OneDrive\Skrivebord\STS2 Modding MCP v3.8.0\sts2-modding-mcp\decompiled\MegaCrit.Sts2.Core.Models.Cards\Discovery.cs"
"DramaticEntrance","Colorless","Attack","Uncommon","0","AllEnemies","Exhaust;Innate","Exact","High","DealDamage","supported primitives only","DealDamage","","DamageVar","OnPlay;OnUpgrade","Direct mapping to existing extra effects.","C:\Users\Bartek\OneDrive\Skrivebord\STS2 Modding MCP v3.8.0\sts2-modding-mcp\decompiled\MegaCrit.Sts2.Core.Models.Cards\DramaticEntrance.cs"
"Entropy","Colorless","Power","Rare","1","Self","Innate","Exact","High","ApplyPower; ApplyPower:EntropyPower","supported primitives only","ApplyPower","EntropyPower","CardsVar","OnPlay;OnUpgrade","Direct mapping to existing extra effects.","C:\Users\Bartek\OneDrive\Skrivebord\STS2 Modding MCP v3.8.0\sts2-modding-mcp\decompiled\MegaCrit.Sts2.Core.Models.Cards\Entropy.cs"
"Equilibrium","Colorless","Skill","Uncommon","2","Self","Retain","Exact","High","GainBlock; ApplyPower; ApplyPower:RetainHandPower","supported primitives only","GainBlock;ApplyPower","RetainHandPower","BlockVar;DynamicVar","OnPlay;OnUpgrade","Direct mapping to existing extra effects.","C:\Users\Bartek\OneDrive\Skrivebord\STS2 Modding MCP v3.8.0\sts2-modding-mcp\decompiled\MegaCrit.Sts2.Core.Models.Cards\Equilibrium.cs"
"EternalArmor","Colorless","Power","Rare","3","Self","","Exact","High","GainPlating","supported primitives only","GainPlating","PlatingPower","PowerVar","OnPlay;OnUpgrade","Direct mapping to existing extra effects.","C:\Users\Bartek\OneDrive\Skrivebord\STS2 Modding MCP v3.8.0\sts2-modding-mcp\decompiled\MegaCrit.Sts2.Core.Models.Cards\EternalArmor.cs"
"Fasten","Colorless","Power","Uncommon","1","Self","","Exact","High","ApplyPower; ApplyPower:FastenPower","supported primitives only","ApplyPower","FastenPower","DynamicVar","OnPlay;OnUpgrade","Direct mapping to existing extra effects.","C:\Users\Bartek\OneDrive\Skrivebord\STS2 Modding MCP v3.8.0\sts2-modding-mcp\decompiled\MegaCrit.Sts2.Core.Models.Cards\Fasten.cs"
"Finesse","Colorless","Skill","Uncommon","0","Self","","Exact","High","GainBlock; DrawCards","supported primitives only","GainBlock;DrawCards","","BlockVar;CardsVar;DynamicVar","OnPlay;OnUpgrade","Direct mapping to existing extra effects.","C:\Users\Bartek\OneDrive\Skrivebord\STS2 Modding MCP v3.8.0\sts2-modding-mcp\decompiled\MegaCrit.Sts2.Core.Models.Cards\Finesse.cs"
"Fisticuffs","Colorless","Attack","Uncommon","1","AnyEnemy","","Exact","High","DealDamage; GainBlock","supported primitives only","DealDamage;GainBlock","","DamageVar","OnPlay;OnUpgrade","Direct mapping to existing extra effects.","C:\Users\Bartek\OneDrive\Skrivebord\STS2 Modding MCP v3.8.0\sts2-modding-mcp\decompiled\MegaCrit.Sts2.Core.Models.Cards\Fisticuffs.cs"
"FlashOfSteel","Colorless","Attack","Uncommon","0","AnyEnemy","","Almost","Medium","DealDamage; DrawCards","conditional branch","DealDamage;DrawCards","","CardsVar;DamageVar;DynamicVar","OnPlay;OnUpgrade","Editor has matching primitives; calculated counts/filters/conditions need careful setup.","C:\Users\Bartek\OneDrive\Skrivebord\STS2 Modding MCP v3.8.0\sts2-modding-mcp\decompiled\MegaCrit.Sts2.Core.Models.Cards\FlashOfSteel.cs"
"GangUp","Colorless","Attack","Uncommon","1","AnyEnemy","","Exact","High","DealDamage","supported primitives only","DealDamage","","CalculatedDamageVar;CalculationBaseVar;DynamicVar;ExtraDamageVar","OnPlay;OnUpgrade","Direct mapping to existing extra effects.","C:\Users\Bartek\OneDrive\Skrivebord\STS2 Modding MCP v3.8.0\sts2-modding-mcp\decompiled\MegaCrit.Sts2.Core.Models.Cards\GangUp.cs"
"GoldAxe","Colorless","Attack","Rare","1","AnyEnemy","Retain","Exact","High","DealDamage","supported primitives only","DealDamage","","CalculatedDamageVar;CalculationBaseVar;DynamicVar;ExtraDamageVar","OnPlay;OnUpgrade","Direct mapping to existing extra effects.","C:\Users\Bartek\OneDrive\Skrivebord\STS2 Modding MCP v3.8.0\sts2-modding-mcp\decompiled\MegaCrit.Sts2.Core.Models.Cards\GoldAxe.cs"
"HandOfGreed","Colorless","Attack","Rare","2","AnyEnemy","","Almost","Medium","DealDamage; GainGold","conditional branch","DealDamage;GainGold","","DamageVar;DynamicVar","OnPlay;OnUpgrade","Editor has matching primitives; calculated counts/filters/conditions need careful setup.","C:\Users\Bartek\OneDrive\Skrivebord\STS2 Modding MCP v3.8.0\sts2-modding-mcp\decompiled\MegaCrit.Sts2.Core.Models.Cards\HandOfGreed.cs"
"HiddenGem","Colorless","Skill","Rare","1","Self","Unplayable","Almost","Medium","","conditional branch; randomness; custom card filter; pile scan","","","IntVar","OnPlay;OnUpgrade","Editor has matching primitives; calculated counts/filters/conditions need careful setup.","C:\Users\Bartek\OneDrive\Skrivebord\STS2 Modding MCP v3.8.0\sts2-modding-mcp\decompiled\MegaCrit.Sts2.Core.Models.Cards\HiddenGem.cs"
"HuddleUp","Colorless","Skill","Uncommon","1","AllAllies","Exhaust","Almost","Medium","DrawCards","loop/repeat","DrawCards","","CardsVar","OnPlay;OnUpgrade","Editor has matching primitives; calculated counts/filters/conditions need careful setup.","C:\Users\Bartek\OneDrive\Skrivebord\STS2 Modding MCP v3.8.0\sts2-modding-mcp\decompiled\MegaCrit.Sts2.Core.Models.Cards\HuddleUp.cs"
"Impatience","Colorless","Skill","Uncommon","0","Self","","Almost","Medium","DrawCards","conditional branch; pile scan","DrawCards","","CardsVar","OnPlay;OnUpgrade","Editor has matching primitives; calculated counts/filters/conditions need careful setup.","C:\Users\Bartek\OneDrive\Skrivebord\STS2 Modding MCP v3.8.0\sts2-modding-mcp\decompiled\MegaCrit.Sts2.Core.Models.Cards\Impatience.cs"
"Intercept","Colorless","Skill","Uncommon","1","AnyAlly","","Exact","High","GainBlock; ApplyPower; ApplyPower:CoveredPower","supported primitives only","GainBlock;ApplyPower","CoveredPower","BlockVar","OnPlay;OnUpgrade","Direct mapping to existing extra effects.","C:\Users\Bartek\OneDrive\Skrivebord\STS2 Modding MCP v3.8.0\sts2-modding-mcp\decompiled\MegaCrit.Sts2.Core.Models.Cards\Intercept.cs"
"JackOfAllTrades","Colorless","Skill","Uncommon","0","Self","Exhaust","Almost","High","AddRandomCardToHand","distinct random; exclude self","AddSpecificCardToHand","","CardsVar","OnPlay;OnUpgrade","Buildable as add 1/2 random Colorless cards, but current AddRandomCardToHand does not enforce distinct cards and cannot exclude Jack of All Trades itself.","C:\Users\Bartek\OneDrive\Skrivebord\STS2 Modding MCP v3.8.0\sts2-modding-mcp\decompiled\MegaCrit.Sts2.Core.Models.Cards\JackOfAllTrades.cs"
"Jackpot","Colorless","Attack","Rare","3","AnyEnemy","","Exact","High","DealDamage; AddRandomCardToHand; CreatedCardsUpgraded","","DealDamage;AddSpecificCardToHand;UpgradeCardsInPile","","CardsVar;DamageVar;DynamicVar","OnPlay;OnUpgrade","Damage plus 3 random current-color 0-cost non-X cards. Existing cost filter Exactly 0 excludes X/star-cost cards; upgrade can use CreatedCardsUpgraded.","C:\Users\Bartek\OneDrive\Skrivebord\STS2 Modding MCP v3.8.0\sts2-modding-mcp\decompiled\MegaCrit.Sts2.Core.Models.Cards\Jackpot.cs"
"Knockdown","Colorless","Attack","Rare","3","AnyEnemy","","Exact","High","DealDamage; ApplyPower; ApplyPower:KnockdownPower","supported primitives only","DealDamage;ApplyPower","KnockdownPower","DamageVar;DynamicVar;PowerVar","OnPlay;OnUpgrade","Direct mapping to existing extra effects.","C:\Users\Bartek\OneDrive\Skrivebord\STS2 Modding MCP v3.8.0\sts2-modding-mcp\decompiled\MegaCrit.Sts2.Core.Models.Cards\Knockdown.cs"
"Lift","Colorless","Skill","Uncommon","1","AnyAlly","","Exact","High","GainBlock","supported primitives only","GainBlock","","BlockVar","OnPlay;OnUpgrade","Direct mapping to existing extra effects.","C:\Users\Bartek\OneDrive\Skrivebord\STS2 Modding MCP v3.8.0\sts2-modding-mcp\decompiled\MegaCrit.Sts2.Core.Models.Cards\Lift.cs"
"MasterOfStrategy","Colorless","Skill","Rare","0","Self","Exhaust","Exact","High","DrawCards","supported primitives only","DrawCards","","CardsVar","OnPlay;OnUpgrade","Direct mapping to existing extra effects.","C:\Users\Bartek\OneDrive\Skrivebord\STS2 Modding MCP v3.8.0\sts2-modding-mcp\decompiled\MegaCrit.Sts2.Core.Models.Cards\MasterOfStrategy.cs"
"Mayhem","Colorless","Power","Rare","2","Self","","Exact","High","ApplyPower; ApplyPower:MayhemPower","supported primitives only","ApplyPower","MayhemPower","","OnPlay;OnUpgrade","Direct mapping to existing extra effects.","C:\Users\Bartek\OneDrive\Skrivebord\STS2 Modding MCP v3.8.0\sts2-modding-mcp\decompiled\MegaCrit.Sts2.Core.Models.Cards\Mayhem.cs"
"Mimic","Colorless","Skill","Rare","1","AnyAlly","Exhaust","Almost","Medium","GainBlock","calculated amount","GainBlock","","CalculatedBlockVar;CalculationBaseVar;CalculationExtraVar;DynamicVar","OnPlay;OnUpgrade","Editor has matching primitives; calculated counts/filters/conditions need careful setup.","C:\Users\Bartek\OneDrive\Skrivebord\STS2 Modding MCP v3.8.0\sts2-modding-mcp\decompiled\MegaCrit.Sts2.Core.Models.Cards\Mimic.cs"
"MindBlast","Colorless","Attack","Uncommon","1","AnyEnemy","Innate","Exact","High","DealDamage","supported primitives only","DealDamage","","CalculatedDamageVar;CalculationBaseVar;DynamicVar;ExtraDamageVar","OnPlay;OnUpgrade","Direct mapping to existing extra effects.","C:\Users\Bartek\OneDrive\Skrivebord\STS2 Modding MCP v3.8.0\sts2-modding-mcp\decompiled\MegaCrit.Sts2.Core.Models.Cards\MindBlast.cs"
"Nostalgia","Colorless","Power","Rare","1","Self","","Exact","High","ApplyPower; ApplyPower:NostalgiaPower","supported primitives only","ApplyPower","NostalgiaPower","","OnPlay;OnUpgrade","Direct mapping to existing extra effects.","C:\Users\Bartek\OneDrive\Skrivebord\STS2 Modding MCP v3.8.0\sts2-modding-mcp\decompiled\MegaCrit.Sts2.Core.Models.Cards\Nostalgia.cs"
"Omnislice","Colorless","Attack","Uncommon","0","AnyEnemy","","Almost","Medium","DealDamage; LoseHp","conditional branch","DealDamage;LoseHp","","DamageVar","OnPlay;OnUpgrade","Editor has matching primitives; calculated counts/filters/conditions need careful setup.","C:\Users\Bartek\OneDrive\Skrivebord\STS2 Modding MCP v3.8.0\sts2-modding-mcp\decompiled\MegaCrit.Sts2.Core.Models.Cards\Omnislice.cs"
"Panache","Colorless","Power","Uncommon","0","Self","","Exact","High","ApplyPower; ApplyPower:PanachePower","supported primitives only","ApplyPower","PanachePower","DynamicVar","OnPlay;OnUpgrade","Direct mapping to existing extra effects.","C:\Users\Bartek\OneDrive\Skrivebord\STS2 Modding MCP v3.8.0\sts2-modding-mcp\decompiled\MegaCrit.Sts2.Core.Models.Cards\Panache.cs"
"PanicButton","Colorless","Skill","Uncommon","0","Self","Exhaust","Exact","High","GainBlock; ApplyPower; ApplyPower:NoBlockPower","supported primitives only","GainBlock;ApplyPower","NoBlockPower","BlockVar;DynamicVar","OnPlay;OnUpgrade","Direct mapping to existing extra effects.","C:\Users\Bartek\OneDrive\Skrivebord\STS2 Modding MCP v3.8.0\sts2-modding-mcp\decompiled\MegaCrit.Sts2.Core.Models.Cards\PanicButton.cs"
"PrepTime","Colorless","Power","Uncommon","1","Self","","Exact","High","ApplyPower; ApplyPower:PrepTimePower","supported primitives only","ApplyPower","PrepTimePower","PowerVar","OnPlay;OnUpgrade","Direct mapping to existing extra effects.","C:\Users\Bartek\OneDrive\Skrivebord\STS2 Modding MCP v3.8.0\sts2-modding-mcp\decompiled\MegaCrit.Sts2.Core.Models.Cards\PrepTime.cs"
"Production","Colorless","Skill","Uncommon","0","Self","Exhaust","Exact","High","GainEnergy","supported primitives only","GainEnergy","","EnergyVar","OnPlay;OnUpgrade","Direct mapping to existing extra effects.","C:\Users\Bartek\OneDrive\Skrivebord\STS2 Modding MCP v3.8.0\sts2-modding-mcp\decompiled\MegaCrit.Sts2.Core.Models.Cards\Production.cs"
"Prolong","Colorless","Skill","Uncommon","0","Self","Exhaust","Exact","High","ApplyPower; ApplyPower:BlockNextTurnPower","supported primitives only","ApplyPower","BlockNextTurnPower","","OnPlay;OnUpgrade","Direct mapping to existing extra effects.","C:\Users\Bartek\OneDrive\Skrivebord\STS2 Modding MCP v3.8.0\sts2-modding-mcp\decompiled\MegaCrit.Sts2.Core.Models.Cards\Prolong.cs"
"Prowess","Colorless","Power","Uncommon","1","Self","","Exact","High","GainDexterity; GainStrength","supported primitives only","GainDexterity;GainStrength","DexterityPower;StrengthPower","DynamicVar;PowerVar","OnPlay;OnUpgrade","Direct mapping to existing extra effects.","C:\Users\Bartek\OneDrive\Skrivebord\STS2 Modding MCP v3.8.0\sts2-modding-mcp\decompiled\MegaCrit.Sts2.Core.Models.Cards\Prowess.cs"
"Purity","Colorless","Skill","Uncommon","0","Self","Exhaust;Retain","Exact","High","ExhaustCards","supported selector/pile operation","ExhaustCards","","CardsVar","OnPlay;OnUpgrade","Direct mapping to existing editor selector and pile operation effects.","C:\Users\Bartek\OneDrive\Skrivebord\STS2 Modding MCP v3.8.0\sts2-modding-mcp\decompiled\MegaCrit.Sts2.Core.Models.Cards\Purity.cs"
"Rally","Colorless","Skill","Rare","2","AllAllies","","Almost","Medium","GainBlock","loop/repeat","GainBlock","","BlockVar","OnPlay;OnUpgrade","Editor has matching primitives; calculated counts/filters/conditions need careful setup.","C:\Users\Bartek\OneDrive\Skrivebord\STS2 Modding MCP v3.8.0\sts2-modding-mcp\decompiled\MegaCrit.Sts2.Core.Models.Cards\Rally.cs"
"Rend","Colorless","Attack","Rare","2","AnyEnemy","","Exact","High","DealDamage","supported primitives only","DealDamage","","CalculatedDamageVar;CalculationBaseVar;DynamicVar;ExtraDamageVar","OnPlay;OnUpgrade","Direct mapping to existing extra effects.","C:\Users\Bartek\OneDrive\Skrivebord\STS2 Modding MCP v3.8.0\sts2-modding-mcp\decompiled\MegaCrit.Sts2.Core.Models.Cards\Rend.cs"
"Restlessness","Colorless","Skill","Uncommon","0","Self","Retain","Almost","Medium","DrawCards; GainEnergy","conditional branch; loop/repeat","DrawCards;GainEnergy","","CardsVar;DynamicVar;EnergyVar","OnPlay;OnUpgrade","Editor has matching primitives; calculated counts/filters/conditions need careful setup.","C:\Users\Bartek\OneDrive\Skrivebord\STS2 Modding MCP v3.8.0\sts2-modding-mcp\decompiled\MegaCrit.Sts2.Core.Models.Cards\Restlessness.cs"
"RollingBoulder","Colorless","Power","Rare","3","Self","","Exact","High","ApplyPower; ApplyPower:RollingBoulderPower","supported primitives only","ApplyPower","RollingBoulderPower","DynamicVar;PowerVar","OnPlay;OnUpgrade","Direct mapping to existing extra effects.","C:\Users\Bartek\OneDrive\Skrivebord\STS2 Modding MCP v3.8.0\sts2-modding-mcp\decompiled\MegaCrit.Sts2.Core.Models.Cards\RollingBoulder.cs"
"Salvo","Colorless","Attack","Rare","1","AnyEnemy","Retain","Exact","High","DealDamage; ApplyPower; ApplyPower:RetainHandPower","supported primitives only","DealDamage;ApplyPower","RetainHandPower","DamageVar","OnPlay;OnUpgrade","Direct mapping to existing extra effects.","C:\Users\Bartek\OneDrive\Skrivebord\STS2 Modding MCP v3.8.0\sts2-modding-mcp\decompiled\MegaCrit.Sts2.Core.Models.Cards\Salvo.cs"
"Scrawl","Colorless","Skill","Rare","1","Self","Exhaust;Retain","Almost","Medium","DrawCards","pile scan","DrawCards","","","OnPlay;OnUpgrade","Editor has matching primitives; calculated counts/filters/conditions need careful setup.","C:\Users\Bartek\OneDrive\Skrivebord\STS2 Modding MCP v3.8.0\sts2-modding-mcp\decompiled\MegaCrit.Sts2.Core.Models.Cards\Scrawl.cs"
"SecretTechnique","Colorless","Skill","Rare","0","Self","Exhaust","Exact","High","MoveCardsBetweenPiles","supported selector/pile operation","MoveCardsBetweenPiles","","","OnPlay;OnUpgrade","Direct mapping to existing editor selector and pile operation effects.","C:\Users\Bartek\OneDrive\Skrivebord\STS2 Modding MCP v3.8.0\sts2-modding-mcp\decompiled\MegaCrit.Sts2.Core.Models.Cards\SecretTechnique.cs"
"SecretWeapon","Colorless","Skill","Rare","0","Self","Exhaust","Exact","High","MoveCardsBetweenPiles","supported selector/pile operation","MoveCardsBetweenPiles","","","OnPlay;OnUpgrade","Direct mapping to existing editor selector and pile operation effects.","C:\Users\Bartek\OneDrive\Skrivebord\STS2 Modding MCP v3.8.0\sts2-modding-mcp\decompiled\MegaCrit.Sts2.Core.Models.Cards\SecretWeapon.cs"
"SeekerStrike","Colorless","Attack","Uncommon","1","AnyEnemy","","Partial","High","DealDamage; ShuffleDrawPile; MoveCardsBetweenPiles","random subset then choose one","DealDamage;MoveCardsBetweenPiles;ShuffleDrawPile","","CardsVar;DamageVar;DynamicVar","OnPlay;OnUpgrade","Damage is supported, but vanilla shuffles draw-pile candidates, presents only the first 3, then moves the chosen one to hand.","C:\Users\Bartek\OneDrive\Skrivebord\STS2 Modding MCP v3.8.0\sts2-modding-mcp\decompiled\MegaCrit.Sts2.Core.Models.Cards\SeekerStrike.cs"
"Shockwave","Colorless","Skill","Uncommon","2","AllEnemies","Exhaust","Almost","Medium","ApplyVulnerable; ApplyWeak","loop/repeat","ApplyVulnerable;ApplyWeak","VulnerablePower;WeakPower","DynamicVar","OnPlay;OnUpgrade","Editor has matching primitives; calculated counts/filters/conditions need careful setup.","C:\Users\Bartek\OneDrive\Skrivebord\STS2 Modding MCP v3.8.0\sts2-modding-mcp\decompiled\MegaCrit.Sts2.Core.Models.Cards\Shockwave.cs"
"Splash","Colorless","Skill","Uncommon","1","Self","","Almost","High","ChooseOneOfThreeCardsToHand; CreatedCardsCostLess; CreatedCardsUpgraded","single-pool fallback edge","AddSpecificCardToHand;UpgradeCardsInPile","","","OnPlay","Buildable as choose 1 of 3 other-color Attacks, free this turn, upgraded choices when upgraded. Vanilla falls back to current pool if only one character pool is available.","C:\Users\Bartek\OneDrive\Skrivebord\STS2 Modding MCP v3.8.0\sts2-modding-mcp\decompiled\MegaCrit.Sts2.Core.Models.Cards\Splash.cs"
"Stratagem","Colorless","Power","Uncommon","1","Self","","Exact","High","ApplyPower; ApplyPower:StratagemPower","supported primitives only","ApplyPower","StratagemPower","","OnPlay;OnUpgrade","Direct mapping to existing extra effects.","C:\Users\Bartek\OneDrive\Skrivebord\STS2 Modding MCP v3.8.0\sts2-modding-mcp\decompiled\MegaCrit.Sts2.Core.Models.Cards\Stratagem.cs"
"TagTeam","Colorless","Attack","Uncommon","2","AnyEnemy","","Exact","High","DealDamage; ApplyPower; ApplyPower:TagTeamPower","supported primitives only","DealDamage;ApplyPower","TagTeamPower","DamageVar","OnPlay;OnUpgrade","Direct mapping to existing extra effects.","C:\Users\Bartek\OneDrive\Skrivebord\STS2 Modding MCP v3.8.0\sts2-modding-mcp\decompiled\MegaCrit.Sts2.Core.Models.Cards\TagTeam.cs"
"TheBomb","Colorless","Skill","Uncommon","2","Self","","Exact","High","ApplyPower; ApplyPower:TheBombPower","supported primitives only","ApplyPower","TheBombPower","DynamicVar","OnPlay;OnUpgrade","Direct mapping to existing extra effects.","C:\Users\Bartek\OneDrive\Skrivebord\STS2 Modding MCP v3.8.0\sts2-modding-mcp\decompiled\MegaCrit.Sts2.Core.Models.Cards\TheBomb.cs"
"TheGambit","Colorless","Skill","Rare","0","Self","","Exact","High","GainBlock; ApplyPower; ApplyPower:TheGambitPower","supported primitives only","GainBlock;ApplyPower","TheGambitPower","BlockVar","OnPlay;OnUpgrade","Direct mapping to existing extra effects.","C:\Users\Bartek\OneDrive\Skrivebord\STS2 Modding MCP v3.8.0\sts2-modding-mcp\decompiled\MegaCrit.Sts2.Core.Models.Cards\TheGambit.cs"
"ThinkingAhead","Colorless","Skill","Uncommon","0","Self","Exhaust","Exact","High","DrawCards; MoveCardsBetweenPiles","supported selector/pile operation","DrawCards;MoveCardsBetweenPiles","","CardsVar","OnPlay;OnUpgrade","Direct mapping to existing editor selector and pile operation effects.","C:\Users\Bartek\OneDrive\Skrivebord\STS2 Modding MCP v3.8.0\sts2-modding-mcp\decompiled\MegaCrit.Sts2.Core.Models.Cards\ThinkingAhead.cs"
"ThrummingHatchet","Colorless","Attack","Uncommon","1","AnyEnemy","","Almost","Medium","DealDamage; MoveCardsBetweenPiles","combat history count; conditional branch","DealDamage;MoveCardsBetweenPiles","","DamageVar","BeforeHandDraw;OnPlay;OnUpgrade","Editor has matching primitives; calculated counts/filters/conditions need careful setup.","C:\Users\Bartek\OneDrive\Skrivebord\STS2 Modding MCP v3.8.0\sts2-modding-mcp\decompiled\MegaCrit.Sts2.Core.Models.Cards\ThrummingHatchet.cs"
"UltimateDefend","Colorless","Skill","Uncommon","1","Self","","Exact","High","GainBlock","supported primitives only","GainBlock","","BlockVar","OnPlay;OnUpgrade","Direct mapping to existing extra effects.","C:\Users\Bartek\OneDrive\Skrivebord\STS2 Modding MCP v3.8.0\sts2-modding-mcp\decompiled\MegaCrit.Sts2.Core.Models.Cards\UltimateDefend.cs"
"UltimateStrike","Colorless","Attack","Uncommon","1","AnyEnemy","","Exact","High","DealDamage","supported primitives only","DealDamage","","DamageVar","OnPlay;OnUpgrade","Direct mapping to existing extra effects.","C:\Users\Bartek\OneDrive\Skrivebord\STS2 Modding MCP v3.8.0\sts2-modding-mcp\decompiled\MegaCrit.Sts2.Core.Models.Cards\UltimateStrike.cs"
"Volley","Colorless","Attack","Uncommon","0","RandomEnemy","","Almost","Medium","DealDamage","randomness","DealDamage","","DamageVar","OnPlay;OnUpgrade","Editor has matching primitives; calculated counts/filters/conditions need careful setup.","C:\Users\Bartek\OneDrive\Skrivebord\STS2 Modding MCP v3.8.0\sts2-modding-mcp\decompiled\MegaCrit.Sts2.Core.Models.Cards\Volley.cs"
"AscendersBane","Curse","Curse","Curse","-1","None","Eternal;Ethereal;Unplayable","Exact","High","","metadata/keywords only","","","","","No runtime behavior beyond card metadata/keywords.","C:\Users\Bartek\OneDrive\Skrivebord\STS2 Modding MCP v3.8.0\sts2-modding-mcp\decompiled\MegaCrit.Sts2.Core.Models.Cards\AscendersBane.cs"
"BadLuck","Curse","Curse","Curse","-1","None","Eternal;Unplayable","Exact","High","LoseHp","supported primitives only","LoseHp","","HpLossVar","OnTurnEndInHand","Direct mapping to existing extra effects.","C:\Users\Bartek\OneDrive\Skrivebord\STS2 Modding MCP v3.8.0\sts2-modding-mcp\decompiled\MegaCrit.Sts2.Core.Models.Cards\BadLuck.cs"
"Clumsy","Curse","Curse","Curse","-1","None","Ethereal;Unplayable","Exact","High","","metadata/keywords only","","","","","No runtime behavior beyond card metadata/keywords.","C:\Users\Bartek\OneDrive\Skrivebord\STS2 Modding MCP v3.8.0\sts2-modding-mcp\decompiled\MegaCrit.Sts2.Core.Models.Cards\Clumsy.cs"
"CurseOfTheBell","Curse","Curse","Curse","-1","None","Eternal;Unplayable","Exact","High","","metadata/keywords only","","","","","No runtime behavior beyond card metadata/keywords.","C:\Users\Bartek\OneDrive\Skrivebord\STS2 Modding MCP v3.8.0\sts2-modding-mcp\decompiled\MegaCrit.Sts2.Core.Models.Cards\CurseOfTheBell.cs"
"Debt","Curse","Curse","Curse","-1","None","Unplayable","Exact","Medium","Trigger:EndOfTurnInHand; LoseGold","supported trigger/effect; verify LoseGold caps at current gold","LoseGold","","GoldVar","OnTurnEndInHand","End-of-turn-in-hand Lose Gold maps to an editor trigger plus Lose Gold.","C:\Users\Bartek\OneDrive\Skrivebord\STS2 Modding MCP v3.8.0\sts2-modding-mcp\decompiled\MegaCrit.Sts2.Core.Models.Cards\Debt.cs"
"Decay","Curse","Curse","Curse","-1","None","Unplayable","Exact","High","LoseHp","supported primitives only","LoseHp","","DamageVar","OnTurnEndInHand","Direct mapping to existing extra effects.","C:\Users\Bartek\OneDrive\Skrivebord\STS2 Modding MCP v3.8.0\sts2-modding-mcp\decompiled\MegaCrit.Sts2.Core.Models.Cards\Decay.cs"
"Doubt","Curse","Curse","Curse","-1","None","Unplayable","Almost","Medium","ApplyWeak","conditional branch","ApplyWeak","WeakPower","PowerVar","OnTurnEndInHand","Editor has matching primitives; calculated counts/filters/conditions need careful setup.","C:\Users\Bartek\OneDrive\Skrivebord\STS2 Modding MCP v3.8.0\sts2-modding-mcp\decompiled\MegaCrit.Sts2.Core.Models.Cards\Doubt.cs"
"Enthralled","Curse","Curse","Curse","2","None","Eternal","Almost","Medium","","conditional branch","","","","ShouldPlay","Editor has matching primitives; calculated counts/filters/conditions need careful setup.","C:\Users\Bartek\OneDrive\Skrivebord\STS2 Modding MCP v3.8.0\sts2-modding-mcp\decompiled\MegaCrit.Sts2.Core.Models.Cards\Enthralled.cs"
"Folly","Curse","Curse","Curse","-1","None","Eternal;Ethereal;Innate;Unplayable","Exact","High","","metadata/keywords only","","","","","No runtime behavior beyond card metadata/keywords.","C:\Users\Bartek\OneDrive\Skrivebord\STS2 Modding MCP v3.8.0\sts2-modding-mcp\decompiled\MegaCrit.Sts2.Core.Models.Cards\Folly.cs"
"Greed","Curse","Curse","Curse","-1","None","Eternal;Unplayable","Exact","High","","metadata/keywords only","","","","","No runtime behavior beyond card metadata/keywords.","C:\Users\Bartek\OneDrive\Skrivebord\STS2 Modding MCP v3.8.0\sts2-modding-mcp\decompiled\MegaCrit.Sts2.Core.Models.Cards\Greed.cs"
"Guilty","Curse","Curse","Curse","-1","None","Unplayable","Almost","Medium","","conditional branch","","","DynamicVar","AfterCombatEnd","Editor has matching primitives; calculated counts/filters/conditions need careful setup.","C:\Users\Bartek\OneDrive\Skrivebord\STS2 Modding MCP v3.8.0\sts2-modding-mcp\decompiled\MegaCrit.Sts2.Core.Models.Cards\Guilty.cs"
"Injury","Curse","Curse","Curse","-1","None","Unplayable","Exact","High","","metadata/keywords only","","","","","No runtime behavior beyond card metadata/keywords.","C:\Users\Bartek\OneDrive\Skrivebord\STS2 Modding MCP v3.8.0\sts2-modding-mcp\decompiled\MegaCrit.Sts2.Core.Models.Cards\Injury.cs"
"Normality","Curse","Curse","Curse","-1","None","Unplayable","Almost","Medium","","conditional branch","","","CalculatedVar;CalculationBaseVar;CalculationExtraVar;DynamicVar","ShouldPlay","Editor has matching primitives; calculated counts/filters/conditions need careful setup.","C:\Users\Bartek\OneDrive\Skrivebord\STS2 Modding MCP v3.8.0\sts2-modding-mcp\decompiled\MegaCrit.Sts2.Core.Models.Cards\Normality.cs"
"PoorSleep","Curse","Curse","Curse","-1","None","Retain;Unplayable","Exact","High","","metadata/keywords only","","","","","No runtime behavior beyond card metadata/keywords.","C:\Users\Bartek\OneDrive\Skrivebord\STS2 Modding MCP v3.8.0\sts2-modding-mcp\decompiled\MegaCrit.Sts2.Core.Models.Cards\PoorSleep.cs"
"Regret","Curse","Curse","Curse","-1","None","Unplayable","Almost","Medium","LoseHp","conditional branch; pile scan","LoseHp","","","BeforeTurnEnd;OnTurnEndInHand","Editor has matching primitives; calculated counts/filters/conditions need careful setup.","C:\Users\Bartek\OneDrive\Skrivebord\STS2 Modding MCP v3.8.0\sts2-modding-mcp\decompiled\MegaCrit.Sts2.Core.Models.Cards\Regret.cs"
"Shame","Curse","Curse","Curse","-1","None","Unplayable","Almost","Medium","ApplyFrail","conditional branch","ApplyFrail","FrailPower","DynamicVar","OnTurnEndInHand","Editor has matching primitives; calculated counts/filters/conditions need careful setup.","C:\Users\Bartek\OneDrive\Skrivebord\STS2 Modding MCP v3.8.0\sts2-modding-mcp\decompiled\MegaCrit.Sts2.Core.Models.Cards\Shame.cs"
"SporeMind","Curse","Curse","Curse","1","None","Exhaust","Exact","High","","metadata/keywords only","","","","","No runtime behavior beyond card metadata/keywords.","C:\Users\Bartek\OneDrive\Skrivebord\STS2 Modding MCP v3.8.0\sts2-modding-mcp\decompiled\MegaCrit.Sts2.Core.Models.Cards\SporeMind.cs"
"Writhe","Curse","Curse","Curse","-1","None","Innate;Unplayable","Exact","High","","metadata/keywords only","","","","","No runtime behavior beyond card metadata/keywords.","C:\Users\Bartek\OneDrive\Skrivebord\STS2 Modding MCP v3.8.0\sts2-modding-mcp\decompiled\MegaCrit.Sts2.Core.Models.Cards\Writhe.cs"
"Beckon","Status","Status","Status","1","None","","Exact","High","LoseHp","supported primitives only","LoseHp","","HpLossVar","OnTurnEndInHand","Direct mapping to existing extra effects.","C:\Users\Bartek\OneDrive\Skrivebord\STS2 Modding MCP v3.8.0\sts2-modding-mcp\decompiled\MegaCrit.Sts2.Core.Models.Cards\Beckon.cs"
"Burn","Status","Status","Status","-1","None","Unplayable","Exact","High","LoseHp","supported primitives only","LoseHp","","DamageVar","OnTurnEndInHand","Direct mapping to existing extra effects.","C:\Users\Bartek\OneDrive\Skrivebord\STS2 Modding MCP v3.8.0\sts2-modding-mcp\decompiled\MegaCrit.Sts2.Core.Models.Cards\Burn.cs"
"Dazed","Status","Status","Status","-1","None","Ethereal;Unplayable","Exact","High","","metadata/keywords only","","","","","No runtime behavior beyond card metadata/keywords.","C:\Users\Bartek\OneDrive\Skrivebord\STS2 Modding MCP v3.8.0\sts2-modding-mcp\decompiled\MegaCrit.Sts2.Core.Models.Cards\Dazed.cs"
"Debris","Status","Status","Status","1","None","Exhaust","Exact","High","","metadata/keywords only","","","","OnPlay","No runtime behavior beyond card metadata/keywords.","C:\Users\Bartek\OneDrive\Skrivebord\STS2 Modding MCP v3.8.0\sts2-modding-mcp\decompiled\MegaCrit.Sts2.Core.Models.Cards\Debris.cs"
"FranticEscape","Status","Status","Status","1","Self","","Almost","Medium","","conditional branch","","","","OnPlay","Editor has matching primitives; calculated counts/filters/conditions need careful setup.","C:\Users\Bartek\OneDrive\Skrivebord\STS2 Modding MCP v3.8.0\sts2-modding-mcp\decompiled\MegaCrit.Sts2.Core.Models.Cards\FranticEscape.cs"
"Infection","Status","Status","Status","-1","None","Unplayable","Almost","Medium","LoseHp","conditional branch","LoseHp","","DamageVar","OnTurnEndInHand","Editor has matching primitives; calculated counts/filters/conditions need careful setup.","C:\Users\Bartek\OneDrive\Skrivebord\STS2 Modding MCP v3.8.0\sts2-modding-mcp\decompiled\MegaCrit.Sts2.Core.Models.Cards\Infection.cs"
"Slimed","Status","Status","Status","1","None","Exhaust","Almost","Medium","DrawCards","conditional branch","DrawCards","","CardsVar","OnPlay","Editor has matching primitives; calculated counts/filters/conditions need careful setup.","C:\Users\Bartek\OneDrive\Skrivebord\STS2 Modding MCP v3.8.0\sts2-modding-mcp\decompiled\MegaCrit.Sts2.Core.Models.Cards\Slimed.cs"
"Soot","Status","Status","Status","-1","None","Unplayable","Exact","High","","metadata/keywords only","","","","","No runtime behavior beyond card metadata/keywords.","C:\Users\Bartek\OneDrive\Skrivebord\STS2 Modding MCP v3.8.0\sts2-modding-mcp\decompiled\MegaCrit.Sts2.Core.Models.Cards\Soot.cs"
"Toxic","Status","Status","Status","1","None","Exhaust","Exact","High","LoseHp","supported primitives only","LoseHp","","DamageVar","OnTurnEndInHand","Direct mapping to existing extra effects.","C:\Users\Bartek\OneDrive\Skrivebord\STS2 Modding MCP v3.8.0\sts2-modding-mcp\decompiled\MegaCrit.Sts2.Core.Models.Cards\Toxic.cs"
"Void","Status","Status","Status","-1","None","Ethereal;Unplayable","Almost","Medium","LoseEnergy","conditional branch","LoseEnergy","","EnergyVar","AfterCardDrawn","Editor has matching primitives; calculated counts/filters/conditions need careful setup.","C:\Users\Bartek\OneDrive\Skrivebord\STS2 Modding MCP v3.8.0\sts2-modding-mcp\decompiled\MegaCrit.Sts2.Core.Models.Cards\Void.cs"
"Wound","Status","Status","Status","-1","None","Unplayable","Exact","High","","metadata/keywords only","","","","","No runtime behavior beyond card metadata/keywords.","C:\Users\Bartek\OneDrive\Skrivebord\STS2 Modding MCP v3.8.0\sts2-modding-mcp\decompiled\MegaCrit.Sts2.Core.Models.Cards\Wound.cs"
"Disintegration","Token","Status","Status","-1","None","","Exact","High","","metadata/keywords only","","","PowerVar","","No runtime behavior beyond card metadata/keywords.","C:\Users\Bartek\OneDrive\Skrivebord\STS2 Modding MCP v3.8.0\sts2-modding-mcp\decompiled\MegaCrit.Sts2.Core.Models.Cards\Disintegration.cs"
"Fuel","Token","Skill","Token","0","Self","Exhaust","Exact","High","DrawCards; GainEnergy","supported primitives only","DrawCards;GainEnergy","","CardsVar;DynamicVar;EnergyVar","OnPlay;OnUpgrade","Direct mapping to existing extra effects.","C:\Users\Bartek\OneDrive\Skrivebord\STS2 Modding MCP v3.8.0\sts2-modding-mcp\decompiled\MegaCrit.Sts2.Core.Models.Cards\Fuel.cs"
"GiantRock","Token","Attack","Token","1","AnyEnemy","","Exact","High","DealDamage","supported primitives only","DealDamage","","DamageVar","OnPlay;OnUpgrade","Direct mapping to existing extra effects.","C:\Users\Bartek\OneDrive\Skrivebord\STS2 Modding MCP v3.8.0\sts2-modding-mcp\decompiled\MegaCrit.Sts2.Core.Models.Cards\GiantRock.cs"
"Luminesce","Token","Skill","Token","0","Self","Exhaust;Retain","Exact","High","GainEnergy","supported primitives only","GainEnergy","","EnergyVar","OnPlay;OnUpgrade","Direct mapping to existing extra effects.","C:\Users\Bartek\OneDrive\Skrivebord\STS2 Modding MCP v3.8.0\sts2-modding-mcp\decompiled\MegaCrit.Sts2.Core.Models.Cards\Luminesce.cs"
"MindRot","Token","Status","Status","-1","None","","Exact","High","","metadata/keywords only","","","PowerVar","","No runtime behavior beyond card metadata/keywords.","C:\Users\Bartek\OneDrive\Skrivebord\STS2 Modding MCP v3.8.0\sts2-modding-mcp\decompiled\MegaCrit.Sts2.Core.Models.Cards\MindRot.cs"
"MinionDiveBomb","Token","Attack","Token","0","AnyEnemy","Exhaust","Exact","High","DealDamage","supported primitives only","DealDamage","","DamageVar","OnPlay;OnUpgrade","Direct mapping to existing extra effects.","C:\Users\Bartek\OneDrive\Skrivebord\STS2 Modding MCP v3.8.0\sts2-modding-mcp\decompiled\MegaCrit.Sts2.Core.Models.Cards\MinionDiveBomb.cs"
"MinionSacrifice","Token","Skill","Token","0","Self","Exhaust","Exact","High","GainBlock","supported primitives only","GainBlock","","BlockVar","OnPlay;OnUpgrade","Direct mapping to existing extra effects.","C:\Users\Bartek\OneDrive\Skrivebord\STS2 Modding MCP v3.8.0\sts2-modding-mcp\decompiled\MegaCrit.Sts2.Core.Models.Cards\MinionSacrifice.cs"
"MinionStrike","Token","Attack","Token","0","AnyEnemy","Exhaust","Exact","High","DealDamage; DrawCards","supported primitives only","DealDamage;DrawCards","","CardsVar;DamageVar;DynamicVar","OnPlay;OnUpgrade","Direct mapping to existing extra effects.","C:\Users\Bartek\OneDrive\Skrivebord\STS2 Modding MCP v3.8.0\sts2-modding-mcp\decompiled\MegaCrit.Sts2.Core.Models.Cards\MinionStrike.cs"
"Shiv","Token","Attack","Token","0","AnyEnemy","Exhaust","Almost","Medium","DealDamage","conditional branch","DealDamage","","DamageVar","OnPlay;OnUpgrade","Editor has matching primitives; calculated counts/filters/conditions need careful setup.","C:\Users\Bartek\OneDrive\Skrivebord\STS2 Modding MCP v3.8.0\sts2-modding-mcp\decompiled\MegaCrit.Sts2.Core.Models.Cards\Shiv.cs"
"Sloth","Token","Status","Status","-1","None","","Exact","High","","metadata/keywords only","","","PowerVar","","No runtime behavior beyond card metadata/keywords.","C:\Users\Bartek\OneDrive\Skrivebord\STS2 Modding MCP v3.8.0\sts2-modding-mcp\decompiled\MegaCrit.Sts2.Core.Models.Cards\Sloth.cs"
"Soul","Token","Skill","Token","0","Self","Exhaust","Exact","High","DrawCards","supported primitives only","DrawCards","","CardsVar","OnPlay;OnUpgrade","Direct mapping to existing extra effects.","C:\Users\Bartek\OneDrive\Skrivebord\STS2 Modding MCP v3.8.0\sts2-modding-mcp\decompiled\MegaCrit.Sts2.Core.Models.Cards\Soul.cs"
"SovereignBlade","Token","Attack","Token","2","AnyEnemy","Retain","Almost","Medium","DealDamage","conditional branch","DealDamage","","CalculatedVar;CalculationBaseVar;CalculationExtraVar;DamageVar;DynamicVar;RepeatVar","AfterCardChangedPiles;AfterCloned;AfterDowngraded;AfterTransformedFrom;OnPlay;OnUpgrade","Editor has matching primitives; calculated counts/filters/conditions need careful setup.","C:\Users\Bartek\OneDrive\Skrivebord\STS2 Modding MCP v3.8.0\sts2-modding-mcp\decompiled\MegaCrit.Sts2.Core.Models.Cards\SovereignBlade.cs"
"SweepingGaze","Token","Attack","Token","0","RandomEnemy","Ethereal;Exhaust","Almost","Medium","DealDamage","conditional branch; randomness","DealDamage","","OstyDamageVar","OnPlay;OnUpgrade","Editor has matching primitives; calculated counts/filters/conditions need careful setup.","C:\Users\Bartek\OneDrive\Skrivebord\STS2 Modding MCP v3.8.0\sts2-modding-mcp\decompiled\MegaCrit.Sts2.Core.Models.Cards\SweepingGaze.cs"
"WasteAway","Token","Status","Status","-1","None","","Exact","High","","metadata/keywords only","","","PowerVar","","No runtime behavior beyond card metadata/keywords.","C:\Users\Bartek\OneDrive\Skrivebord\STS2 Modding MCP v3.8.0\sts2-modding-mcp\decompiled\MegaCrit.Sts2.Core.Models.Cards\WasteAway.cs"
"ByrdonisEgg","Quest","Quest","Quest","-1","None","Unplayable","Almost","Medium","","conditional branch","","","","TryModifyRestSiteOptions","Editor has matching primitives; calculated counts/filters/conditions need careful setup.","C:\Users\Bartek\OneDrive\Skrivebord\STS2 Modding MCP v3.8.0\sts2-modding-mcp\decompiled\MegaCrit.Sts2.Core.Models.Cards\ByrdonisEgg.cs"
"LanternKey","Quest","Quest","Quest","-1","Self","Unplayable","No","High","","map/event generation","","","","ModifyNextEvent;ModifyUnknownMapPointRoomTypes","Quest key changes non-card map/event systems, outside editor card rows.","C:\Users\Bartek\OneDrive\Skrivebord\STS2 Modding MCP v3.8.0\sts2-modding-mcp\decompiled\MegaCrit.Sts2.Core.Models.Cards\LanternKey.cs"
"SpoilsMap","Quest","Quest","Quest","-1","Self","Unplayable","No","High","","map/reward generation","","","GoldVar","AfterCreated;AfterMapGenerated;BeforeCardRemoved;ModifyGeneratedMap;ModifyGeneratedMapLate","Quest map behavior and reward state are outside editor card rows.","C:\Users\Bartek\OneDrive\Skrivebord\STS2 Modding MCP v3.8.0\sts2-modding-mcp\decompiled\MegaCrit.Sts2.Core.Models.Cards\SpoilsMap.cs"
"Apotheosis","Event","Skill","Ancient","2","Self","Exhaust;Innate","Almost","Medium","UpgradeCardsInPile","conditional branch; loop/repeat","UpgradeCardsInPile","","","OnPlay;OnUpgrade","Editor has matching primitives; calculated counts/filters/conditions need careful setup.","C:\Users\Bartek\OneDrive\Skrivebord\STS2 Modding MCP v3.8.0\sts2-modding-mcp\decompiled\MegaCrit.Sts2.Core.Models.Cards\Apotheosis.cs"
"Apparition","Event","Skill","Ancient","1","Self","Ethereal;Exhaust","Exact","High","GainIntangible","supported primitives only","GainIntangible","IntangiblePower","PowerVar","OnPlay;OnUpgrade","Direct mapping to existing extra effects.","C:\Users\Bartek\OneDrive\Skrivebord\STS2 Modding MCP v3.8.0\sts2-modding-mcp\decompiled\MegaCrit.Sts2.Core.Models.Cards\Apparition.cs"
"BrightestFlame","Event","Skill","Ancient","0","Self","","Exact","High","DrawCards; GainEnergy; LoseMaxHp","supported primitives only","DrawCards;GainEnergy;LoseMaxHp","","CardsVar;DynamicVar;EnergyVar;MaxHpVar","OnPlay;OnUpgrade","Direct mapping to existing extra effects.","C:\Users\Bartek\OneDrive\Skrivebord\STS2 Modding MCP v3.8.0\sts2-modding-mcp\decompiled\MegaCrit.Sts2.Core.Models.Cards\BrightestFlame.cs"
"ByrdSwoop","Event","Attack","Event","0","AnyEnemy","","Exact","High","DealDamage","supported primitives only","DealDamage","","DamageVar","OnPlay;OnUpgrade","Direct mapping to existing extra effects.","C:\Users\Bartek\OneDrive\Skrivebord\STS2 Modding MCP v3.8.0\sts2-modding-mcp\decompiled\MegaCrit.Sts2.Core.Models.Cards\ByrdSwoop.cs"
"Caltrops","Event","Power","Event","1","Self","","Exact","High","GainThorns","supported primitives only","GainThorns","ThornsPower","PowerVar","OnPlay;OnUpgrade","Direct mapping to existing extra effects.","C:\Users\Bartek\OneDrive\Skrivebord\STS2 Modding MCP v3.8.0\sts2-modding-mcp\decompiled\MegaCrit.Sts2.Core.Models.Cards\Caltrops.cs"
"Clash","Event","Attack","Event","0","AnyEnemy","","Exact","High","DealDamage","supported primitives only","DealDamage","","DamageVar","OnPlay;OnUpgrade","Direct mapping to existing extra effects.","C:\Users\Bartek\OneDrive\Skrivebord\STS2 Modding MCP v3.8.0\sts2-modding-mcp\decompiled\MegaCrit.Sts2.Core.Models.Cards\Clash.cs"
"Distraction","Event","Skill","Event","1","Self","Exhaust","Exact","High","AddRandomCardToHand; CreatedCardsCostLess","","AddSpecificCardToHand","","","OnPlay;OnUpgrade","Random current-color Skill to hand and free this turn. Amount is 1, so distinct-vs-random does not change behavior.","C:\Users\Bartek\OneDrive\Skrivebord\STS2 Modding MCP v3.8.0\sts2-modding-mcp\decompiled\MegaCrit.Sts2.Core.Models.Cards\Distraction.cs"
"DualWield","Event","Skill","Event","1","Self","","Partial","High","CopyExactCardsFromPileToDeck","repeat same selected card","AddSpecificCardToHand","","CardsVar","OnPlay;OnUpgrade","Base copy-one behavior is buildable, but upgrade needs N exact clones of the same selected Attack/Power; current copy amount selects N cards once each.","C:\Users\Bartek\OneDrive\Skrivebord\STS2 Modding MCP v3.8.0\sts2-modding-mcp\decompiled\MegaCrit.Sts2.Core.Models.Cards\DualWield.cs"
"Enlightenment","Event","Skill","Event","0","Self","Exhaust","Almost","Medium","","conditional branch; loop/repeat; pile scan","","","","OnPlay","Editor has matching primitives; calculated counts/filters/conditions need careful setup.","C:\Users\Bartek\OneDrive\Skrivebord\STS2 Modding MCP v3.8.0\sts2-modding-mcp\decompiled\MegaCrit.Sts2.Core.Models.Cards\Enlightenment.cs"
"Entrench","Event","Skill","Event","2","Self","","Exact","High","GainBlock","supported primitives only","GainBlock","","","OnPlay;OnUpgrade","Direct mapping to existing extra effects.","C:\Users\Bartek\OneDrive\Skrivebord\STS2 Modding MCP v3.8.0\sts2-modding-mcp\decompiled\MegaCrit.Sts2.Core.Models.Cards\Entrench.cs"
"Exterminate","Event","Attack","Event","1","AllEnemies","","Exact","High","DealDamage","supported primitives only","DealDamage","","DamageVar;DynamicVar;RepeatVar","OnPlay;OnUpgrade","Direct mapping to existing extra effects.","C:\Users\Bartek\OneDrive\Skrivebord\STS2 Modding MCP v3.8.0\sts2-modding-mcp\decompiled\MegaCrit.Sts2.Core.Models.Cards\Exterminate.cs"
"FeedingFrenzy","Event","Skill","Event","0","Self","","Exact","High","ApplyPower; ApplyPower:FeedingFrenzyPower","supported primitives only","ApplyPower","FeedingFrenzyPower","PowerVar","OnPlay;OnUpgrade","Direct mapping to existing extra effects.","C:\Users\Bartek\OneDrive\Skrivebord\STS2 Modding MCP v3.8.0\sts2-modding-mcp\decompiled\MegaCrit.Sts2.Core.Models.Cards\FeedingFrenzy.cs"
"HelloWorld","Event","Power","Event","1","Self","Innate","Exact","High","ApplyPower; ApplyPower:HelloWorldPower","supported primitives only","ApplyPower","HelloWorldPower","","OnPlay;OnUpgrade","Direct mapping to existing extra effects.","C:\Users\Bartek\OneDrive\Skrivebord\STS2 Modding MCP v3.8.0\sts2-modding-mcp\decompiled\MegaCrit.Sts2.Core.Models.Cards\HelloWorld.cs"
"MadScience","Event","Attack","Event","1","AnyEnemy","Innate","Almost","Medium","","conditional branch; loop/repeat","","","BlockVar;CardsVar;DamageVar;DynamicVar;EnergyVar;PowerVar","AddExtraArgsToDescription;OnPlay;OnUpgrade","Editor has matching primitives; calculated counts/filters/conditions need careful setup.","C:\Users\Bartek\OneDrive\Skrivebord\STS2 Modding MCP v3.8.0\sts2-modding-mcp\decompiled\MegaCrit.Sts2.Core.Models.Cards\MadScience.cs"
"Maul","Event","Attack","Ancient","1","AnyEnemy","","Almost","Medium","DealDamage","loop/repeat","DealDamage","","DamageVar;DynamicVar","AfterDowngraded;OnPlay;OnUpgrade","Editor has matching primitives; calculated counts/filters/conditions need careful setup.","C:\Users\Bartek\OneDrive\Skrivebord\STS2 Modding MCP v3.8.0\sts2-modding-mcp\decompiled\MegaCrit.Sts2.Core.Models.Cards\Maul.cs"
"Metamorphosis","Event","Skill","Event","2","Self","Exhaust","Exact","High","AddRandomCardToHand; CreatedCardsCostLess","","AddSpecificCardToHand","","CardsVar","OnPlay;OnUpgrade","Create 3/5 random current-color Attacks into draw pile at random position and make them free this combat.","C:\Users\Bartek\OneDrive\Skrivebord\STS2 Modding MCP v3.8.0\sts2-modding-mcp\decompiled\MegaCrit.Sts2.Core.Models.Cards\Metamorphosis.cs"
"NeowsFury","Event","Attack","Ancient","1","AnyEnemy","Exhaust","Almost","Medium","DealDamage; MoveCardsBetweenPiles","loop/repeat; randomness; pile scan","DealDamage;MoveCardsBetweenPiles","","CardsVar;DamageVar;DynamicVar","OnPlay;OnUpgrade","Editor has matching primitives; calculated counts/filters/conditions need careful setup.","C:\Users\Bartek\OneDrive\Skrivebord\STS2 Modding MCP v3.8.0\sts2-modding-mcp\decompiled\MegaCrit.Sts2.Core.Models.Cards\NeowsFury.cs"
"Outmaneuver","Event","Skill","Event","1","Self","","Exact","High","ApplyPower; ApplyPower:EnergyNextTurnPower","supported primitives only","ApplyPower","EnergyNextTurnPower","EnergyVar","OnPlay;OnUpgrade","Direct mapping to existing extra effects.","C:\Users\Bartek\OneDrive\Skrivebord\STS2 Modding MCP v3.8.0\sts2-modding-mcp\decompiled\MegaCrit.Sts2.Core.Models.Cards\Outmaneuver.cs"
"Peck","Event","Attack","Event","1","AnyEnemy","","Exact","High","DealDamage","supported primitives only","DealDamage","","DamageVar;DynamicVar;RepeatVar","OnPlay;OnUpgrade","Direct mapping to existing extra effects.","C:\Users\Bartek\OneDrive\Skrivebord\STS2 Modding MCP v3.8.0\sts2-modding-mcp\decompiled\MegaCrit.Sts2.Core.Models.Cards\Peck.cs"
"Rebound","Event","Attack","Event","1","AnyEnemy","","Exact","High","DealDamage; ApplyPower; ApplyPower:ReboundPower","supported primitives only","DealDamage;ApplyPower","ReboundPower","DamageVar","OnPlay;OnUpgrade","Direct mapping to existing extra effects.","C:\Users\Bartek\OneDrive\Skrivebord\STS2 Modding MCP v3.8.0\sts2-modding-mcp\decompiled\MegaCrit.Sts2.Core.Models.Cards\Rebound.cs"
"Relax","Event","Skill","Ancient","3","Self","Exhaust","Exact","High","GainBlock; ApplyPower; ApplyPower:DrawCardsNextTurnPower; ApplyPower:EnergyNextTurnPower","supported primitives only","GainBlock;ApplyPower","DrawCardsNextTurnPower;EnergyNextTurnPower","BlockVar;CardsVar;DynamicVar;EnergyVar","OnPlay;OnUpgrade","Direct mapping to existing extra effects.","C:\Users\Bartek\OneDrive\Skrivebord\STS2 Modding MCP v3.8.0\sts2-modding-mcp\decompiled\MegaCrit.Sts2.Core.Models.Cards\Relax.cs"
"RipAndTear","Event","Attack","Event","1","RandomEnemy","","Almost","Medium","DealDamage","randomness","DealDamage","","DamageVar","OnPlay;OnUpgrade","Editor has matching primitives; calculated counts/filters/conditions need careful setup.","C:\Users\Bartek\OneDrive\Skrivebord\STS2 Modding MCP v3.8.0\sts2-modding-mcp\decompiled\MegaCrit.Sts2.Core.Models.Cards\RipAndTear.cs"
"Squash","Event","Attack","Event","1","AnyEnemy","","Exact","High","DealDamage; ApplyVulnerable","supported primitives only","DealDamage;ApplyVulnerable","VulnerablePower","DamageVar;DynamicVar;PowerVar","OnPlay;OnUpgrade","Direct mapping to existing extra effects.","C:\Users\Bartek\OneDrive\Skrivebord\STS2 Modding MCP v3.8.0\sts2-modding-mcp\decompiled\MegaCrit.Sts2.Core.Models.Cards\Squash.cs"
"Stack","Event","Skill","Event","1","Self","","Almost","Medium","GainBlock","calculated amount","GainBlock","","CalculatedBlockVar;CalculationBaseVar;CalculationExtraVar;DynamicVar","OnPlay;OnUpgrade","Editor has matching primitives; calculated counts/filters/conditions need careful setup.","C:\Users\Bartek\OneDrive\Skrivebord\STS2 Modding MCP v3.8.0\sts2-modding-mcp\decompiled\MegaCrit.Sts2.Core.Models.Cards\Stack.cs"
"ToricToughness","Event","Skill","Event","2","Self","","Exact","High","GainBlock; ApplyPower; ApplyPower:ToricToughnessPower","supported primitives only","GainBlock;ApplyPower","ToricToughnessPower","BlockVar;DynamicVar","OnPlay;OnUpgrade","Direct mapping to existing extra effects.","C:\Users\Bartek\OneDrive\Skrivebord\STS2 Modding MCP v3.8.0\sts2-modding-mcp\decompiled\MegaCrit.Sts2.Core.Models.Cards\ToricToughness.cs"
"Whistle","Event","Attack","Ancient","3","AnyEnemy","Exhaust","Exact","High","DealDamage","supported primitives only","DealDamage","","DamageVar","OnPlay;OnUpgrade","Direct mapping to existing extra effects.","C:\Users\Bartek\OneDrive\Skrivebord\STS2 Modding MCP v3.8.0\sts2-modding-mcp\decompiled\MegaCrit.Sts2.Core.Models.Cards\Whistle.cs"
"Wish","Event","Skill","Ancient","0","Self","Exhaust;Retain","Exact","High","MoveCardsBetweenPiles","supported selector/pile operation","MoveCardsBetweenPiles","","","OnPlay;OnUpgrade","Direct mapping to existing editor selector and pile operation effects.","C:\Users\Bartek\OneDrive\Skrivebord\STS2 Modding MCP v3.8.0\sts2-modding-mcp\decompiled\MegaCrit.Sts2.Core.Models.Cards\Wish.cs"
"DeprecatedCard","Deprecated","Status","Status","0","None","Exhaust","Exact","Medium","DrawCards; RemoveCardsFromDeck","","DrawCards","","","OnPlay","Hidden/deprecated status can be represented as draw 1 plus removing this card from the deck version.","C:\Users\Bartek\OneDrive\Skrivebord\STS2 Modding MCP v3.8.0\sts2-modding-mcp\decompiled\MegaCrit.Sts2.Core.Models.Cards\DeprecatedCard.cs"
